,x,y,z,,,,,,,,,,,,,,,,,,119.0466667,278.59,235.61
0,-3.43,-8.79,5.71,,,115.7733334,269.9533333,230.2866667,0,0,0,,0.192955556,0.449922222,0.383811111,,-3.43,-8.79,5.71,,3.43,8.79,5.71
1,-3.273333333,-9.176666667,5.323333333,,,0.156666667,0.386666667,0.386666667,0.156666667,-0.386666667,-0.386666667,,0.198411111,0.464316667,0.392683333,,0,0,0,,0,0,0
2,-2.67,-8.726666667,4.053333333,,,0.603333333,0.45,1.27,0.603333333,0.45,-1.27,,,,,,0.603333333,0.45,-1.27,,0.603333333,0.45,1.27
3,-2.586666667,-8.71,3.476666667,,,0.083333333,0.016666667,0.576666666,0.083333333,0.016666667,-0.576666666,,,,,,0.083333333,0.016666667,-0.576666666,,0.083333333,0.016666667,0.576666666
4,-2.463333333,-8.73,3.426666667,,,0.123333334,0.02,0.05,0.123333334,-0.02,-0.05,,,,,,0.123333334,-0.02,-0.05,,0.123333334,0.02,0.05
5,-2.553333333,-8.713333333,4.13,,,0.09,0.016666667,0.703333333,-0.09,0.016666667,0.703333333,,,,,,-0.09,0.016666667,0.703333333,,0.09,0.016666667,0.703333333
6,-2.42,-8.383333333,4.6,,,0.133333333,0.33,0.47,0.133333333,0.33,0.47,,,,,,0.133333333,0.33,0.47,,0.133333333,0.33,0.47
7,-2.476666667,-8.086666667,5.1,,,0.056666667,0.296666666,0.5,-0.056666667,0.296666666,0.5,,,,,,-0.056666667,0.296666666,0.5,,0.056666667,0.296666666,0.5
8,-2.696666667,-8.563333333,5.84,,,0.22,0.476666666,0.74,-0.22,-0.476666666,0.74,,,,,,-0.22,-0.476666666,0.74,,0.22,0.476666666,0.74
9,-2.656666667,-8.67,5.926666667,,,0.04,0.106666667,0.086666667,0.04,-0.106666667,0.086666667,,,,,,0.04,-0.106666667,0.086666667,,0.04,0.106666667,0.086666667
10,-2.4,-7.896666667,5.273333333,,,0.256666667,0.773333333,0.653333334,0.256666667,0.773333333,-0.653333334,,,,,,0.256666667,0.773333333,-0.653333334,,0.256666667,0.773333333,0.653333334
11,-2.696666667,-8.073333333,5.356666667,,,0.296666667,0.176666666,0.083333334,-0.296666667,-0.176666666,0.083333334,,,,,,-0.296666667,-0.176666666,0.083333334,,0.296666667,0.176666666,0.083333334
12,-2.536666667,-8.786666667,5.27,,,0.16,0.713333334,0.086666667,0.16,-0.713333334,-0.086666667,,,,,,0.16,-0.713333334,-0.086666667,,0.16,0.713333334,0.086666667
13,-2.32,-8.81,5.173333333,,,0.216666667,0.023333333,0.096666667,0.216666667,-0.023333333,-0.096666667,,,,,,0.216666667,-0.023333333,-0.096666667,,0.216666667,0.023333333,0.096666667
14,-2.253333333,-8.343333333,4.976666667,,,0.066666667,0.466666667,0.196666666,0.066666667,0.466666667,-0.196666666,,,,,,0.066666667,0.466666667,-0.196666666,,0.066666667,0.466666667,0.196666666
15,-2.383333333,-8.07,4.506666667,,,0.13,0.273333333,0.47,-0.13,0.273333333,-0.47,,,,,,-0.13,0.273333333,-0.47,,0.13,0.273333333,0.47
16,-2.616666667,-8.93,5.176666667,,,0.233333334,0.86,0.67,-0.233333334,-0.86,0.67,,,,,,-0.233333334,-0.86,0.67,,0.233333334,0.86,0.67
17,-2.39,-9.283333333,5.346666667,,,0.226666667,0.353333333,0.17,0.226666667,-0.353333333,0.17,,,,,,0.226666667,-0.353333333,0.17,,0.226666667,0.353333333,0.17
18,-1.856666667,-8.393333333,5.343333333,,,0.533333333,0.89,0.003333334,0.533333333,0.89,-0.003333334,,,,,,0.533333333,0.89,-0.003333334,,0.533333333,0.89,0.003333334
19,-2.08,-8.043333333,5.39,,,0.223333333,0.35,0.046666667,-0.223333333,0.35,0.046666667,,,,,,-0.223333333,0.35,0.046666667,,0.223333333,0.35,0.046666667
20,-1.77,-8.376666667,4.663333333,,,0.31,0.333333334,0.726666667,0.31,-0.333333334,-0.726666667,,,,,,0.31,-0.333333334,-0.726666667,,0.31,0.333333334,0.726666667
21,-2.176666667,-9.263333333,5,,,0.406666667,0.886666666,0.336666667,-0.406666667,-0.886666666,0.336666667,,,,,,-0.406666667,-0.886666666,0.336666667,,0.406666667,0.886666666,0.336666667
22,-2.073333333,-9.42,5.103333333,,,0.103333334,0.156666667,0.103333333,0.103333334,-0.156666667,0.103333333,,,,,,0.103333334,-0.156666667,0.103333333,,0.103333334,0.156666667,0.103333333
23,-2.383333333,-8.9,5.703333333,,,0.31,0.52,0.6,-0.31,0.52,0.6,,,,,,-0.31,0.52,0.6,,0.31,0.52,0.6
24,-2.57,-8.513333333,5.813333333,,,0.186666667,0.386666667,0.11,-0.186666667,0.386666667,0.11,,,,,,-0.186666667,0.386666667,0.11,,0.186666667,0.386666667,0.11
25,-2.653333333,-8.533333333,5.656666667,,,0.083333333,0.02,0.156666666,-0.083333333,-0.02,-0.156666666,,,,,,-0.083333333,-0.02,-0.156666666,,0.083333333,0.02,0.156666666
26,-2.536666667,-8.55,5.46,,,0.116666666,0.016666667,0.196666667,0.116666666,-0.016666667,-0.196666667,,,,,,0.116666666,-0.016666667,-0.196666667,,0.116666666,0.016666667,0.196666667
27,-2.066666667,-8.33,5.286666667,,,0.47,0.22,0.173333333,0.47,0.22,-0.173333333,,,,,,0.47,0.22,-0.173333333,,0.47,0.22,0.173333333
28,-2.06,-8.62,5.316666667,,,0.006666667,0.29,0.03,0.006666667,-0.29,0.03,,,,,,0.006666667,-0.29,0.03,,0.006666667,0.29,0.03
29,-1.546666667,-8.313333333,4.736666667,,,0.513333333,0.306666667,0.58,0.513333333,0.306666667,-0.58,,,,,,0.513333333,0.306666667,-0.58,,0.513333333,0.306666667,0.58
30,-1.316666667,-8.363333333,5.276666667,,,0.23,0.05,0.54,0.23,-0.05,0.54,,,,,,0.23,-0.05,0.54,,0.23,0.05,0.54
31,-0.526666667,-8.22,4.783333333,,,0.79,0.143333333,0.493333334,0.79,0.143333333,-0.493333334,,,,,,0.79,0.143333333,-0.493333334,,0.79,0.143333333,0.493333334
32,-0.526666667,-9.016666667,5.386666667,,,0,0.796666667,0.603333334,0,-0.796666667,0.603333334,,,,,,0,-0.796666667,0.603333334,,0,0.796666667,0.603333334
33,-0.176666667,-9.653333333,5.393333333,,,0.35,0.636666666,0.006666666,0.35,-0.636666666,0.006666666,,,,,,0.35,-0.636666666,0.006666666,,0.35,0.636666666,0.006666666
34,0.18,-8.796666667,5.143333333,,,0.356666667,0.856666666,0.25,0.356666667,0.856666666,-0.25,,,,,,0.356666667,0.856666666,-0.25,,0.356666667,0.856666666,0.25
35,0.083333333,-8.3,5.44,,,0.096666667,0.496666667,0.296666667,-0.096666667,0.496666667,0.296666667,,,,,,-0.096666667,0.496666667,0.296666667,,0.096666667,0.496666667,0.296666667
36,0.146666667,-8.193333333,5.253333333,,,0.063333334,0.106666667,0.186666667,0.063333334,0.106666667,-0.186666667,,,,,,0.063333334,0.106666667,-0.186666667,,0.063333334,0.106666667,0.186666667
37,0.106666667,-9.003333333,5.923333333,,,0.04,0.81,0.67,-0.04,-0.81,0.67,,,,,,-0.04,-0.81,0.67,,0.04,0.81,0.67
38,0.813333333,-9.026666667,5.963333333,,,0.706666666,0.023333334,0.04,0.706666666,-0.023333334,0.04,,,,,,0.706666666,-0.023333334,0.04,,0.706666666,0.023333334,0.04
39,1.043333333,-8.03,5.306666667,,,0.23,0.996666667,0.656666666,0.23,0.996666667,-0.656666666,,,,,,0.23,0.996666667,-0.656666666,,0.23,0.996666667,0.656666666
40,0.886666667,-7.913333333,5.716666667,,,0.156666666,0.116666667,0.41,-0.156666666,0.116666667,0.41,,,,,,-0.156666666,0.116666667,0.41,,0.156666666,0.116666667,0.41
41,0.743333333,-8.446666667,5.533333333,,,0.143333334,0.533333334,0.183333334,-0.143333334,-0.533333334,-0.183333334,,,,,,-0.143333334,-0.533333334,-0.183333334,,0.143333334,0.533333334,0.183333334
42,0.793333333,-9.073333333,5.85,,,0.05,0.626666666,0.316666667,0.05,-0.626666666,0.316666667,,,,,,0.05,-0.626666666,0.316666667,,0.05,0.626666666,0.316666667
43,0.863333333,-8.703333333,6.183333333,,,0.07,0.37,0.333333333,0.07,0.37,0.333333333,,,,,,0.07,0.37,0.333333333,,0.07,0.37,0.333333333
44,1.246666667,-7.626666667,5.313333333,,,0.383333334,1.076666666,0.87,0.383333334,1.076666666,-0.87,,,,,,0.383333334,1.076666666,-0.87,,0.383333334,1.076666666,0.87
45,1.013333333,-7.83,5.88,,,0.233333334,0.203333333,0.566666667,-0.233333334,-0.203333333,0.566666667,,,,,,-0.233333334,-0.203333333,0.566666667,,0.233333334,0.203333333,0.566666667
46,1.976666667,-8.826666667,5.233333333,,,0.963333334,0.996666667,0.646666667,0.963333334,-0.996666667,-0.646666667,,,,,,0.963333334,-0.996666667,-0.646666667,,0.963333334,0.996666667,0.646666667
47,2.2,-10.52333333,6.823333333,,,0.223333333,1.696666663,1.59,0.223333333,-1.696666663,1.59,,,,,,0.223333333,-1.696666663,1.59,,0.223333333,1.696666663,1.59
48,2.37,-10.76333333,7.393333333,,,0.17,0.24,0.57,0.17,-0.24,0.57,,,,,,0.17,-0.24,0.57,,0.17,0.24,0.57
49,1.983333333,-9.076666667,6.72,,,0.386666667,1.686666663,0.673333333,-0.386666667,1.686666663,-0.673333333,,,,,,-0.386666667,1.686666663,-0.673333333,,0.386666667,1.686666663,0.673333333
50,1.366666667,-7.76,6.4,,,0.616666666,1.316666667,0.32,-0.616666666,1.316666667,-0.32,,,,,,-0.616666666,1.316666667,-0.32,,0.616666666,1.316666667,0.32
51,1.613333333,-7.63,5.433333333,,,0.246666666,0.13,0.966666667,0.246666666,0.13,-0.966666667,,,,,,0.246666666,0.13,-0.966666667,,0.246666666,0.13,0.966666667
52,1.533333333,-8.04,6,,,0.08,0.41,0.566666667,-0.08,-0.41,0.566666667,,,,,,-0.08,-0.41,0.566666667,,0.08,0.41,0.566666667
53,1.32,-7.896666667,5.926666667,,,0.213333333,0.143333333,0.073333333,-0.213333333,0.143333333,-0.073333333,,,,,,-0.213333333,0.143333333,-0.073333333,,0.213333333,0.143333333,0.073333333
54,1.476666667,-7.543333333,5.67,,,0.156666667,0.353333334,0.256666667,0.156666667,0.353333334,-0.256666667,,,,,,0.156666667,0.353333334,-0.256666667,,0.156666667,0.353333334,0.256666667
55,1.283333333,-8.183333333,6.5,,,0.193333334,0.64,0.83,-0.193333334,-0.64,0.83,,,,,,-0.193333334,-0.64,0.83,,0.193333334,0.64,0.83
56,1.91,-8.673333333,6.516666667,,,0.626666667,0.49,0.016666667,0.626666667,-0.49,0.016666667,,,,,,0.626666667,-0.49,0.016666667,,0.626666667,0.49,0.016666667
57,1.716666667,-8.04,6.37,,,0.193333333,0.633333333,0.146666667,-0.193333333,0.633333333,-0.146666667,,,,,,-0.193333333,0.633333333,-0.146666667,,0.193333333,0.633333333,0.146666667
58,1.483333333,-7.606666667,6.216666667,,,0.233333334,0.433333333,0.153333333,-0.233333334,0.433333333,-0.153333333,,,,,,-0.233333334,0.433333333,-0.153333333,,0.233333334,0.433333333,0.153333333
59,1.436666667,-7.616666667,5.77,,,0.046666666,0.01,0.446666667,-0.046666666,-0.01,-0.446666667,,,,,,-0.046666666,-0.01,-0.446666667,,0.046666666,0.01,0.446666667
60,1.393333333,-8.603333333,6.66,,,0.043333334,0.986666666,0.89,-0.043333334,-0.986666666,0.89,,,,,,-0.043333334,-0.986666666,0.89,,0.043333334,0.986666666,0.89
61,1.706666667,-8.96,6.516666667,,,0.313333334,0.356666667,0.143333333,0.313333334,-0.356666667,-0.143333333,,,,,,0.313333334,-0.356666667,-0.143333333,,0.313333334,0.356666667,0.143333333
62,1.61,-8.076666667,6.18,,,0.096666667,0.883333333,0.336666667,-0.096666667,0.883333333,-0.336666667,,,,,,-0.096666667,0.883333333,-0.336666667,,0.096666667,0.883333333,0.336666667
63,1.303333333,-7.62,6.376666667,,,0.306666667,0.456666667,0.196666667,-0.306666667,0.456666667,0.196666667,,,,,,-0.306666667,0.456666667,0.196666667,,0.306666667,0.456666667,0.196666667
64,1.306666667,-7.623333333,5.966666667,,,0.003333334,0.003333333,0.41,0.003333334,-0.003333333,-0.41,,,,,,0.003333334,-0.003333333,-0.41,,0.003333334,0.003333333,0.41
65,1.456666667,-8.456666667,6.906666667,,,0.15,0.833333334,0.94,0.15,-0.833333334,0.94,,,,,,0.15,-0.833333334,0.94,,0.15,0.833333334,0.94
66,1.48,-8.78,6.786666667,,,0.023333333,0.323333333,0.12,0.023333333,-0.323333333,-0.12,,,,,,0.023333333,-0.323333333,-0.12,,0.023333333,0.323333333,0.12
67,1.403333333,-7.803333333,6.123333333,,,0.076666667,0.976666667,0.663333334,-0.076666667,0.976666667,-0.663333334,,,,,,-0.076666667,0.976666667,-0.663333334,,0.076666667,0.976666667,0.663333334
68,0.993333333,-7.3,6.82,,,0.41,0.503333333,0.696666667,-0.41,0.503333333,0.696666667,,,,,,-0.41,0.503333333,0.696666667,,0.41,0.503333333,0.696666667
69,1.366666667,-7.543333333,6.856666667,,,0.373333334,0.243333333,0.036666667,0.373333334,-0.243333333,0.036666667,,,,,,0.373333334,-0.243333333,0.036666667,,0.373333334,0.243333333,0.036666667
70,1.633333333,-8.136666667,7.403333333,,,0.266666666,0.593333334,0.546666666,0.266666666,-0.593333334,0.546666666,,,,,,0.266666666,-0.593333334,0.546666666,,0.266666666,0.593333334,0.546666666
71,1.966666667,-7.833333333,6.783333333,,,0.333333334,0.303333334,0.62,0.333333334,0.303333334,-0.62,,,,,,0.333333334,0.303333334,-0.62,,0.333333334,0.303333334,0.62
72,2.196666667,-6.87,6.233333333,,,0.23,0.963333333,0.55,0.23,0.963333333,-0.55,,,,,,0.23,0.963333333,-0.55,,0.23,0.963333333,0.55
73,2.086666667,-7.006666667,7.066666667,,,0.11,0.136666667,0.833333334,-0.11,-0.136666667,0.833333334,,,,,,-0.11,-0.136666667,0.833333334,,0.11,0.136666667,0.833333334
74,2.21,-7.84,6.883333333,,,0.123333333,0.833333333,0.183333334,0.123333333,-0.833333333,-0.183333334,,,,,,0.123333333,-0.833333333,-0.183333334,,0.123333333,0.833333333,0.183333334
75,2.266666667,-7.683333333,6.56,,,0.056666667,0.156666667,0.323333333,0.056666667,0.156666667,-0.323333333,,,,,,0.056666667,0.156666667,-0.323333333,,0.056666667,0.156666667,0.323333333
76,2.266666667,-7.3,6.256666667,,,0,0.383333333,0.303333333,0,0.383333333,-0.303333333,,,,,,0,0.383333333,-0.303333333,,0,0.383333333,0.303333333
77,2.31,-7.146666667,5.94,,,0.043333333,0.153333333,0.316666667,0.043333333,0.153333333,-0.316666667,,,,,,0.043333333,0.153333333,-0.316666667,,0.043333333,0.153333333,0.316666667
78,2.073333333,-8.063333333,6.673333333,,,0.236666667,0.916666666,0.733333333,-0.236666667,-0.916666666,0.733333333,,,,,,-0.236666667,-0.916666666,0.733333333,,0.236666667,0.916666666,0.733333333
79,2.216666667,-8.743333333,6.856666667,,,0.143333334,0.68,0.183333334,0.143333334,-0.68,0.183333334,,,,,,0.143333334,-0.68,0.183333334,,0.143333334,0.68,0.183333334
80,2.166666667,-8.06,6.163333333,,,0.05,0.683333333,0.693333334,-0.05,0.683333333,-0.693333334,,,,,,-0.05,0.683333333,-0.693333334,,0.05,0.683333333,0.693333334
81,2.076666667,-7.51,6.28,,,0.09,0.55,0.116666667,-0.09,0.55,0.116666667,,,,,,-0.09,0.55,0.116666667,,0.09,0.55,0.116666667
82,2.016666667,-7.756666667,5.663333333,,,0.06,0.246666667,0.616666667,-0.06,-0.246666667,-0.616666667,,,,,,-0.06,-0.246666667,-0.616666667,,0.06,0.246666667,0.616666667
83,1.886666667,-8.286666667,6.303333333,,,0.13,0.53,0.64,-0.13,-0.53,0.64,,,,,,-0.13,-0.53,0.64,,0.13,0.53,0.64
84,2.203333333,-8.653333333,6.376666667,,,0.316666666,0.366666666,0.073333334,0.316666666,-0.366666666,0.073333334,,,,,,0.316666666,-0.366666666,0.073333334,,0.316666666,0.366666666,0.073333334
85,2.203333333,-7.643333333,5.796666667,,,0,1.01,0.58,0,1.01,-0.58,,,,,,0,1.01,-0.58,,0,1.01,0.58
86,2.286666667,-7.463333333,6.243333333,,,0.083333334,0.18,0.446666666,0.083333334,0.18,0.446666666,,,,,,0.083333334,0.18,0.446666666,,0.083333334,0.18,0.446666666
87,2.32,-8.036666667,5.953333333,,,0.033333333,0.573333334,0.29,0.033333333,-0.573333334,-0.29,,,,,,0.033333333,-0.573333334,-0.29,,0.033333333,0.573333334,0.29
88,2.593333333,-8.466666667,6.423333333,,,0.273333333,0.43,0.47,0.273333333,-0.43,0.47,,,,,,0.273333333,-0.43,0.47,,0.273333333,0.43,0.47
89,2.776666667,-8.61,6.553333333,,,0.183333334,0.143333333,0.13,0.183333334,-0.143333333,0.13,,,,,,0.183333334,-0.143333333,0.13,,0.183333334,0.143333333,0.13
90,2.483333333,-7.413333333,5.823333333,,,0.293333334,1.196666667,0.73,-0.293333334,1.196666667,-0.73,,,,,,-0.293333334,1.196666667,-0.73,,0.293333334,1.196666667,0.73
91,2.61,-6.903333333,7.003333333,,,0.126666667,0.51,1.18,0.126666667,0.51,1.18,,,,,,0.126666667,0.51,1.18,,0.126666667,0.51,1.18
92,2.79,-7.57,6.58,,,0.18,0.666666667,0.423333333,0.18,-0.666666667,-0.423333333,,,,,,0.18,-0.666666667,-0.423333333,,0.18,0.666666667,0.423333333
93,3.296666667,-8.153333333,7.456666667,,,0.506666667,0.583333333,0.876666667,0.506666667,-0.583333333,0.876666667,,,,,,0.506666667,-0.583333333,0.876666667,,0.506666667,0.583333333,0.876666667
94,3.146666667,-8.246666667,6.763333333,,,0.15,0.093333334,0.693333334,-0.15,-0.093333334,-0.693333334,,,,,,-0.15,-0.093333334,-0.693333334,,0.15,0.093333334,0.693333334
95,2.993333333,-7.523333333,6.203333333,,,0.153333334,0.723333334,0.56,-0.153333334,0.723333334,-0.56,,,,,,-0.153333334,0.723333334,-0.56,,0.153333334,0.723333334,0.56
96,2.603333333,-7.44,6.406666667,,,0.39,0.083333333,0.203333334,-0.39,0.083333333,0.203333334,,,,,,-0.39,0.083333333,0.203333334,,0.39,0.083333333,0.203333334
97,2.533333333,-8.436666667,6.64,,,0.07,0.996666667,0.233333333,-0.07,-0.996666667,0.233333333,,,,,,-0.07,-0.996666667,0.233333333,,0.07,0.996666667,0.233333333
98,2.583333333,-8.173333333,6.65,,,0.05,0.263333334,0.01,0.05,0.263333334,0.01,,,,,,0.05,0.263333334,0.01,,0.05,0.263333334,0.01
99,2.673333333,-7.646666667,6.426666667,,,0.09,0.526666666,0.223333333,0.09,0.526666666,-0.223333333,,,,,,0.09,0.526666666,-0.223333333,,0.09,0.526666666,0.223333333
100,2.763333333,-6.933333333,5.15,,,0.09,0.713333334,1.276666667,0.09,0.713333334,-1.276666667,,,,,,0.09,0.713333334,-1.276666667,,0.09,0.713333334,1.276666667
101,2.776666667,-7.303333333,6.24,,,0.013333334,0.37,1.09,0.013333334,-0.37,1.09,,,,,,0.013333334,-0.37,1.09,,0.013333334,0.37,1.09
102,2.906666667,-8.353333333,6.343333333,,,0.13,1.05,0.103333333,0.13,-1.05,0.103333333,,,,,,0.13,-1.05,0.103333333,,0.13,1.05,0.103333333
103,3.06,-8.476666667,7.113333333,,,0.153333333,0.123333334,0.77,0.153333333,-0.123333334,0.77,,,,,,0.153333333,-0.123333334,0.77,,0.153333333,0.123333334,0.77
104,2.663333333,-7.983333333,6.88,,,0.396666667,0.493333334,0.233333333,-0.396666667,0.493333334,-0.233333333,,,,,,-0.396666667,0.493333334,-0.233333333,,0.396666667,0.493333334,0.233333333
105,2.493333333,-6.886666667,5.95,,,0.17,1.096666666,0.93,-0.17,1.096666666,-0.93,,,,,,-0.17,1.096666666,-0.93,,0.17,1.096666666,0.93
106,2,-6.86,6.556666667,,,0.493333333,0.026666667,0.606666667,-0.493333333,0.026666667,0.606666667,,,,,,-0.493333333,0.026666667,0.606666667,,0.493333333,0.026666667,0.606666667
107,2.47,-7.826666667,6.513333333,,,0.47,0.966666667,0.043333334,0.47,-0.966666667,-0.043333334,,,,,,0.47,-0.966666667,-0.043333334,,0.47,0.966666667,0.043333334
108,2.58,-8.756666667,6.88,,,0.11,0.93,0.366666667,0.11,-0.93,0.366666667,,,,,,0.11,-0.93,0.366666667,,0.11,0.93,0.366666667
109,2.856666667,-8.43,6.726666667,,,0.276666667,0.326666667,0.153333333,0.276666667,0.326666667,-0.153333333,,,,,,0.276666667,0.326666667,-0.153333333,,0.276666667,0.326666667,0.153333333
110,2.806666667,-7.253333333,5.63,,,0.05,1.176666667,1.096666667,-0.05,1.176666667,-1.096666667,,,,,,-0.05,1.176666667,-1.096666667,,0.05,1.176666667,1.096666667
111,2.693333333,-6.67,6.41,,,0.113333334,0.583333333,0.78,-0.113333334,0.583333333,0.78,,,,,,-0.113333334,0.583333333,0.78,,0.113333334,0.583333333,0.78
112,2.686666667,-7.776666667,5.776666667,,,0.006666666,1.106666667,0.633333333,-0.006666666,-1.106666667,-0.633333333,,,,,,-0.006666666,-1.106666667,-0.633333333,,0.006666666,1.106666667,0.633333333
113,3.046666667,-8.64,7.073333333,,,0.36,0.863333333,1.296666666,0.36,-0.863333333,1.296666666,,,,,,0.36,-0.863333333,1.296666666,,0.36,0.863333333,1.296666666
114,3.14,-8.806666667,7.316666667,,,0.093333333,0.166666667,0.243333334,0.093333333,-0.166666667,0.243333334,,,,,,0.093333333,-0.166666667,0.243333334,,0.093333333,0.166666667,0.243333334
115,3.31,-7.813333333,6.846666667,,,0.17,0.993333334,0.47,0.17,0.993333334,-0.47,,,,,,0.17,0.993333334,-0.47,,0.17,0.993333334,0.47
116,2.773333333,-6.97,6.723333333,,,0.536666667,0.843333333,0.123333334,-0.536666667,0.843333333,-0.123333334,,,,,,-0.536666667,0.843333333,-0.123333334,,0.536666667,0.843333333,0.123333334
117,2.9,-6.946666667,5.423333333,,,0.126666667,0.023333333,1.3,0.126666667,0.023333333,-1.3,,,,,,0.126666667,0.023333333,-1.3,,0.126666667,0.023333333,1.3
118,2.68,-7.276666667,6.93,,,0.22,0.33,1.506666667,-0.22,-0.33,1.506666667,,,,,,-0.22,-0.33,1.506666667,,0.22,0.33,1.506666667
119,3.136666667,-8.306666667,7.056666667,,,0.456666667,1.03,0.126666667,0.456666667,-1.03,0.126666667,,,,,,0.456666667,-1.03,0.126666667,,0.456666667,1.03,0.126666667
120,3.406666667,-9.27,7.746666667,,,0.27,0.963333333,0.69,0.27,-0.963333333,0.69,,,,,,0.27,-0.963333333,0.69,,0.27,0.963333333,0.69
121,3.48,-8.93,7.406666667,,,0.073333333,0.34,0.34,0.073333333,0.34,-0.34,,,,,,0.073333333,0.34,-0.34,,0.073333333,0.34,0.34
122,3.313333333,-8.093333333,6.06,,,0.166666667,0.836666667,1.346666667,-0.166666667,0.836666667,-1.346666667,,,,,,-0.166666667,0.836666667,-1.346666667,,0.166666667,0.836666667,1.346666667
123,3.013333333,-6.453333333,6.536666667,,,0.3,1.64,0.476666667,-0.3,1.64,0.476666667,,,,,,-0.3,1.64,0.476666667,,0.3,1.64,0.476666667
124,3.206666667,-6.656666667,5.88,,,0.193333334,0.203333334,0.656666667,0.193333334,-0.203333334,-0.656666667,,,,,,0.193333334,-0.203333334,-0.656666667,,0.193333334,0.203333334,0.656666667
125,3.23,-7.113333333,7.006666667,,,0.023333333,0.456666666,1.126666667,0.023333333,-0.456666666,1.126666667,,,,,,0.023333333,-0.456666666,1.126666667,,0.023333333,0.456666666,1.126666667
126,3.413333333,-8.53,7.053333333,,,0.183333333,1.416666667,0.046666666,0.183333333,-1.416666667,0.046666666,,,,,,0.183333333,-1.416666667,0.046666666,,0.183333333,1.416666667,0.046666666
127,3.446666667,-8.356666667,7.003333333,,,0.033333334,0.173333333,0.05,0.033333334,0.173333333,-0.05,,,,,,0.033333334,0.173333333,-0.05,,0.033333334,0.173333333,0.05
128,3.176666667,-7.68,7.09,,,0.27,0.676666667,0.086666667,-0.27,0.676666667,0.086666667,,,,,,-0.27,0.676666667,0.086666667,,0.27,0.676666667,0.086666667
129,3.386666667,-7.446666667,6.57,,,0.21,0.233333333,0.52,0.21,0.233333333,-0.52,,,,,,0.21,0.233333333,-0.52,,0.21,0.233333333,0.52
130,3.35,-7.253333333,7.14,,,0.036666667,0.193333334,0.57,-0.036666667,0.193333334,0.57,,,,,,-0.036666667,0.193333334,0.57,,0.036666667,0.193333334,0.57
131,3.673333333,-7.51,6.076666667,,,0.323333333,0.256666667,1.063333333,0.323333333,-0.256666667,-1.063333333,,,,,,0.323333333,-0.256666667,-1.063333333,,0.323333333,0.256666667,1.063333333
132,3.286666667,-7.263333333,6.45,,,0.386666666,0.246666667,0.373333333,-0.386666666,0.246666667,0.373333333,,,,,,-0.386666666,0.246666667,0.373333333,,0.386666666,0.246666667,0.373333333
133,2.73,-7.79,6.613333333,,,0.556666667,0.526666667,0.163333333,-0.556666667,-0.526666667,0.163333333,,,,,,-0.556666667,-0.526666667,0.163333333,,0.556666667,0.526666667,0.163333333
134,2.63,-8.97,7.36,,,0.1,1.18,0.746666667,-0.1,-1.18,0.746666667,,,,,,-0.1,-1.18,0.746666667,,0.1,1.18,0.746666667
135,2.456666667,-8.983333333,6.62,,,0.173333333,0.013333333,0.74,-0.173333333,-0.013333333,-0.74,,,,,,-0.173333333,-0.013333333,-0.74,,0.173333333,0.013333333,0.74
136,2.81,-8.57,6.866666667,,,0.353333333,0.413333333,0.246666667,0.353333333,0.413333333,0.246666667,,,,,,0.353333333,0.413333333,0.246666667,,0.353333333,0.413333333,0.246666667
137,2.813333333,-7.11,5.993333333,,,0.003333333,1.46,0.873333334,0.003333333,1.46,-0.873333334,,,,,,0.003333333,1.46,-0.873333334,,0.003333333,1.46,0.873333334
138,2.836666667,-6.31,6.96,,,0.023333334,0.8,0.966666667,0.023333334,0.8,0.966666667,,,,,,0.023333334,0.8,0.966666667,,0.023333334,0.8,0.966666667
139,3.046666667,-6.743333333,5.643333333,,,0.21,0.433333333,1.316666667,0.21,-0.433333333,-1.316666667,,,,,,0.21,-0.433333333,-1.316666667,,0.21,0.433333333,1.316666667
140,3.223333333,-7.29,7.173333333,,,0.176666666,0.546666667,1.53,0.176666666,-0.546666667,1.53,,,,,,0.176666666,-0.546666667,1.53,,0.176666666,0.546666667,1.53
141,3.463333333,-8.536666667,6.633333333,,,0.24,1.246666667,0.54,0.24,-1.246666667,-0.54,,,,,,0.24,-1.246666667,-0.54,,0.24,1.246666667,0.54
142,3.36,-8.69,6.786666667,,,0.103333333,0.153333333,0.153333334,-0.103333333,-0.153333333,0.153333334,,,,,,-0.103333333,-0.153333333,0.153333334,,0.103333333,0.153333333,0.153333334
143,3.4,-8.793333333,6.446666667,,,0.04,0.103333333,0.34,0.04,-0.103333333,-0.34,,,,,,0.04,-0.103333333,-0.34,,0.04,0.103333333,0.34
144,3.32,-7.756666667,5.363333333,,,0.08,1.036666666,1.083333334,-0.08,1.036666666,-1.083333334,,,,,,-0.08,1.036666666,-1.083333334,,0.08,1.036666666,1.083333334
145,3.196666667,-6.966666667,6.163333333,,,0.123333333,0.79,0.8,-0.123333333,0.79,0.8,,,,,,-0.123333333,0.79,0.8,,0.123333333,0.79,0.8
146,2.903333333,-6.83,5.156666667,,,0.293333334,0.136666667,1.006666666,-0.293333334,0.136666667,-1.006666666,,,,,,-0.293333334,0.136666667,-1.006666666,,0.293333334,0.136666667,1.006666666
147,2.996666667,-7.08,6.653333333,,,0.093333334,0.25,1.496666666,0.093333334,-0.25,1.496666666,,,,,,0.093333334,-0.25,1.496666666,,0.093333334,0.25,1.496666666
148,3.21,-7.953333333,6.36,,,0.213333333,0.873333333,0.293333333,0.213333333,-0.873333333,-0.293333333,,,,,,0.213333333,-0.873333333,-0.293333333,,0.213333333,0.873333333,0.293333333
149,3.496666667,-8.286666667,6.803333333,,,0.286666667,0.333333334,0.443333333,0.286666667,-0.333333334,0.443333333,,,,,,0.286666667,-0.333333334,0.443333333,,0.286666667,0.333333334,0.443333333
150,3.246666667,-7.966666667,6.556666667,,,0.25,0.32,0.246666666,-0.25,0.32,-0.246666666,,,,,,-0.25,0.32,-0.246666666,,0.25,0.32,0.246666666
151,3.26,-7.383333333,5.673333333,,,0.013333333,0.583333334,0.883333334,0.013333333,0.583333334,-0.883333334,,,,,,0.013333333,0.583333334,-0.883333334,,0.013333333,0.583333334,0.883333334
152,3.236666667,-6.766666667,6.306666667,,,0.023333333,0.616666666,0.633333334,-0.023333333,0.616666666,0.633333334,,,,,,-0.023333333,0.616666666,0.633333334,,0.023333333,0.616666666,0.633333334
153,3.336666667,-7.513333333,5.736666667,,,0.1,0.746666666,0.57,0.1,-0.746666666,-0.57,,,,,,0.1,-0.746666666,-0.57,,0.1,0.746666666,0.57
154,3.396666667,-7.973333333,6.703333333,,,0.06,0.46,0.966666666,0.06,-0.46,0.966666666,,,,,,0.06,-0.46,0.966666666,,0.06,0.46,0.966666666
155,3.286666667,-8.596666667,6.696666667,,,0.11,0.623333334,0.006666666,-0.11,-0.623333334,-0.006666666,,,,,,-0.11,-0.623333334,-0.006666666,,0.11,0.623333334,0.006666666
156,3.476666667,-7.656666667,6.366666667,,,0.19,0.94,0.33,0.19,0.94,-0.33,,,,,,0.19,0.94,-0.33,,0.19,0.94,0.33
157,3.216666667,-6.906666667,6.676666667,,,0.26,0.75,0.31,-0.26,0.75,0.31,,,,,,-0.26,0.75,0.31,,0.26,0.75,0.31
158,3.15,-6.636666667,5.63,,,0.066666667,0.27,1.046666667,-0.066666667,0.27,-1.046666667,,,,,,-0.066666667,0.27,-1.046666667,,0.066666667,0.27,1.046666667
159,2.996666667,-7.133333333,6.73,,,0.153333333,0.496666666,1.1,-0.153333333,-0.496666666,1.1,,,,,,-0.153333333,-0.496666666,1.1,,0.153333333,0.496666666,1.1
160,3.453333333,-8.146666667,6.263333333,,,0.456666666,1.013333334,0.466666667,0.456666666,-1.013333334,-0.466666667,,,,,,0.456666666,-1.013333334,-0.466666667,,0.456666666,1.013333334,0.466666667
161,3.753333333,-8.256666667,6.893333333,,,0.3,0.11,0.63,0.3,-0.11,0.63,,,,,,0.3,-0.11,0.63,,0.3,0.11,0.63
162,3.7,-7.843333333,6.713333333,,,0.053333333,0.413333334,0.18,-0.053333333,0.413333334,-0.18,,,,,,-0.053333333,0.413333334,-0.18,,0.053333333,0.413333334,0.18
163,3.136666667,-7.146666667,5.933333333,,,0.563333333,0.696666666,0.78,-0.563333333,0.696666666,-0.78,,,,,,-0.563333333,0.696666666,-0.78,,0.563333333,0.696666666,0.78
164,2.526666667,-6.866666667,6.353333333,,,0.61,0.28,0.42,-0.61,0.28,0.42,,,,,,-0.61,0.28,0.42,,0.61,0.28,0.42
165,2.68,-7.953333333,6.18,,,0.153333333,1.086666666,0.173333333,0.153333333,-1.086666666,-0.173333333,,,,,,0.153333333,-1.086666666,-0.173333333,,0.153333333,1.086666666,0.173333333
166,2.823333333,-8.13,7.193333333,,,0.143333333,0.176666667,1.013333333,0.143333333,-0.176666667,1.013333333,,,,,,0.143333333,-0.176666667,1.013333333,,0.143333333,0.176666667,1.013333333
167,3.266666667,-8.653333333,7.176666667,,,0.443333334,0.523333333,0.016666666,0.443333334,-0.523333333,-0.016666666,,,,,,0.443333334,-0.523333333,-0.016666666,,0.443333334,0.523333333,0.016666666
168,3.133333333,-7.62,6.113333333,,,0.133333334,1.033333333,1.063333334,-0.133333334,1.033333333,-1.063333334,,,,,,-0.133333334,1.033333333,-1.063333334,,0.133333334,1.033333333,1.063333334
169,3.13,-7.283333333,6.406666667,,,0.003333333,0.336666667,0.293333334,-0.003333333,0.336666667,0.293333334,,,,,,-0.003333333,0.336666667,0.293333334,,0.003333333,0.336666667,0.293333334
170,3.053333333,-7.15,5.703333333,,,0.076666667,0.133333333,0.703333334,-0.076666667,0.133333333,-0.703333334,,,,,,-0.076666667,0.133333333,-0.703333334,,0.076666667,0.133333333,0.703333334
171,3.18,-8.026666667,7.363333333,,,0.126666667,0.876666667,1.66,0.126666667,-0.876666667,1.66,,,,,,0.126666667,-0.876666667,1.66,,0.126666667,0.876666667,1.66
172,3.29,-9.16,7.366666667,,,0.11,1.133333333,0.003333334,0.11,-1.133333333,0.003333334,,,,,,0.11,-1.133333333,0.003333334,,0.11,1.133333333,0.003333334
173,3.353333333,-9.373333333,7.473333333,,,0.063333333,0.213333333,0.106666666,0.063333333,-0.213333333,0.106666666,,,,,,0.063333333,-0.213333333,0.106666666,,0.063333333,0.213333333,0.106666666
174,2.91,-8.75,7.12,,,0.443333333,0.623333333,0.353333333,-0.443333333,0.623333333,-0.353333333,,,,,,-0.443333333,0.623333333,-0.353333333,,0.443333333,0.623333333,0.353333333
175,2.716666667,-7.53,5.43,,,0.193333333,1.22,1.69,-0.193333333,1.22,-1.69,,,,,,-0.193333333,1.22,-1.69,,0.193333333,1.22,1.69
176,2.476666667,-6.706666667,6.016666667,,,0.24,0.823333333,0.586666667,-0.24,0.823333333,0.586666667,,,,,,-0.24,0.823333333,0.586666667,,0.24,0.823333333,0.586666667
177,2.833333333,-7.336666667,4.973333333,,,0.356666666,0.63,1.043333334,0.356666666,-0.63,-1.043333334,,,,,,0.356666666,-0.63,-1.043333334,,0.356666666,0.63,1.043333334
178,3.096666667,-8.186666667,6.72,,,0.263333334,0.85,1.746666667,0.263333334,-0.85,1.746666667,,,,,,0.263333334,-0.85,1.746666667,,0.263333334,0.85,1.746666667
179,3.266666667,-8.893333333,6.686666667,,,0.17,0.706666666,0.033333333,0.17,-0.706666666,-0.033333333,,,,,,0.17,-0.706666666,-0.033333333,,0.17,0.706666666,0.033333333
180,3.313333333,-8.83,7.036666667,,,0.046666666,0.063333333,0.35,0.046666666,0.063333333,0.35,,,,,,0.046666666,0.063333333,0.35,,0.046666666,0.063333333,0.35
181,2.986666667,-8.023333333,6.883333333,,,0.326666666,0.806666667,0.153333334,-0.326666666,0.806666667,-0.153333334,,,,,,-0.326666666,0.806666667,-0.153333334,,0.326666666,0.806666667,0.153333334
182,2.77,-7.423333333,5.706666667,,,0.216666667,0.6,1.176666666,-0.216666667,0.6,-1.176666666,,,,,,-0.216666667,0.6,-1.176666666,,0.216666667,0.6,1.176666666
183,2.3,-7.08,6.29,,,0.47,0.343333333,0.583333333,-0.47,0.343333333,0.583333333,,,,,,-0.47,0.343333333,0.583333333,,0.47,0.343333333,0.583333333
184,2.723333333,-7.906666667,5.673333333,,,0.423333333,0.826666667,0.616666667,0.423333333,-0.826666667,-0.616666667,,,,,,0.423333333,-0.826666667,-0.616666667,,0.423333333,0.826666667,0.616666667
185,2.673333333,-8.093333333,6.406666667,,,0.05,0.186666666,0.733333334,-0.05,-0.186666666,0.733333334,,,,,,-0.05,-0.186666666,0.733333334,,0.05,0.186666666,0.733333334
186,2.856666667,-7.89,6.066666667,,,0.183333334,0.203333333,0.34,0.183333334,0.203333333,-0.34,,,,,,0.183333334,0.203333333,-0.34,,0.183333334,0.203333333,0.34
187,2.63,-7.613333333,6.17,,,0.226666667,0.276666667,0.103333333,-0.226666667,0.276666667,0.103333333,,,,,,-0.226666667,0.276666667,0.103333333,,0.226666667,0.276666667,0.103333333
188,2.753333333,-7.746666667,6.123333333,,,0.123333333,0.133333334,0.046666667,0.123333333,-0.133333334,-0.046666667,,,,,,0.123333333,-0.133333334,-0.046666667,,0.123333333,0.133333334,0.046666667
189,2.613333333,-7.893333333,6.116666667,,,0.14,0.146666666,0.006666666,-0.14,-0.146666666,-0.006666666,,,,,,-0.14,-0.146666666,-0.006666666,,0.14,0.146666666,0.006666666
190,2.63,-7.456666667,5.836666667,,,0.016666667,0.436666666,0.28,0.016666667,0.436666666,-0.28,,,,,,0.016666667,0.436666666,-0.28,,0.016666667,0.436666666,0.28
191,2.626666667,-7.62,6.18,,,0.003333333,0.163333333,0.343333333,-0.003333333,-0.163333333,0.343333333,,,,,,-0.003333333,-0.163333333,0.343333333,,0.003333333,0.163333333,0.343333333
192,3.116666667,-7.923333333,6.313333333,,,0.49,0.303333333,0.133333333,0.49,-0.303333333,0.133333333,,,,,,0.49,-0.303333333,0.133333333,,0.49,0.303333333,0.133333333
193,3,-7.69,6.15,,,0.116666667,0.233333333,0.163333333,-0.116666667,0.233333333,-0.163333333,,,,,,-0.116666667,0.233333333,-0.163333333,,0.116666667,0.233333333,0.163333333
194,2.836666667,-7.15,6.12,,,0.163333333,0.54,0.03,-0.163333333,0.54,-0.03,,,,,,-0.163333333,0.54,-0.03,,0.163333333,0.54,0.03
195,2.613333333,-6.993333333,5.833333333,,,0.223333334,0.156666667,0.286666667,-0.223333334,0.156666667,-0.286666667,,,,,,-0.223333334,0.156666667,-0.286666667,,0.223333334,0.156666667,0.286666667
196,2.57,-7.853333333,6.486666667,,,0.043333333,0.86,0.653333334,-0.043333333,-0.86,0.653333334,,,,,,-0.043333333,-0.86,0.653333334,,0.043333333,0.86,0.653333334
197,2.823333333,-7.946666667,6.566666667,,,0.253333333,0.093333334,0.08,0.253333333,-0.093333334,0.08,,,,,,0.253333333,-0.093333334,0.08,,0.253333333,0.093333334,0.08
198,2.903333333,-7.463333333,6.103333333,,,0.08,0.483333334,0.463333334,0.08,0.483333334,-0.463333334,,,,,,0.08,0.483333334,-0.463333334,,0.08,0.483333334,0.463333334
199,2.866666667,-7.29,6.156666667,,,0.036666666,0.173333333,0.053333334,-0.036666666,0.173333333,0.053333334,,,,,,-0.036666666,0.173333333,0.053333334,,0.036666666,0.173333333,0.053333334
200,2.616666667,-7.96,6.066666667,,,0.25,0.67,0.09,-0.25,-0.67,-0.09,,,,,,-0.25,-0.67,-0.09,,0.25,0.67,0.09
201,2.556666667,-7.85,6.11,,,0.06,0.11,0.043333333,-0.06,0.11,0.043333333,,,,,,-0.06,0.11,0.043333333,,0.06,0.11,0.043333333
202,2.433333333,-7.466666667,6.173333333,,,0.123333334,0.383333333,0.063333333,-0.123333334,0.383333333,0.063333333,,,,,,-0.123333334,0.383333333,0.063333333,,0.123333334,0.383333333,0.063333333
203,2.56,-7.536666667,6.016666667,,,0.126666667,0.07,0.156666666,0.126666667,-0.07,-0.156666666,,,,,,0.126666667,-0.07,-0.156666666,,0.126666667,0.07,0.156666666
204,2.383333333,-8.216666667,6.65,,,0.176666667,0.68,0.633333333,-0.176666667,-0.68,0.633333333,,,,,,-0.176666667,-0.68,0.633333333,,0.176666667,0.68,0.633333333
205,2.506666667,-8.08,6.466666667,,,0.123333334,0.136666667,0.183333333,0.123333334,0.136666667,-0.183333333,,,,,,0.123333334,0.136666667,-0.183333333,,0.123333334,0.136666667,0.183333333
206,2.473333333,-7.563333333,6.313333333,,,0.033333334,0.516666667,0.153333334,-0.033333334,0.516666667,-0.153333334,,,,,,-0.033333334,0.516666667,-0.153333334,,0.033333334,0.516666667,0.153333334
207,2.776666667,-7.566666667,6.633333333,,,0.303333334,0.003333334,0.32,0.303333334,-0.003333334,0.32,,,,,,0.303333334,-0.003333334,0.32,,0.303333334,0.003333334,0.32
208,2.73,-8.103333333,6.793333333,,,0.046666667,0.536666666,0.16,-0.046666667,-0.536666666,0.16,,,,,,-0.046666667,-0.536666666,0.16,,0.046666667,0.536666666,0.16
209,2.843333333,-7.7,6.296666667,,,0.113333333,0.403333333,0.496666666,0.113333333,0.403333333,-0.496666666,,,,,,0.113333333,0.403333333,-0.496666666,,0.113333333,0.403333333,0.496666666
210,2.463333333,-7.793333333,5.94,,,0.38,0.093333333,0.356666667,-0.38,-0.093333333,-0.356666667,,,,,,-0.38,-0.093333333,-0.356666667,,0.38,0.093333333,0.356666667
211,2.806666667,-8.196666667,6.026666667,,,0.343333334,0.403333334,0.086666667,0.343333334,-0.403333334,0.086666667,,,,,,0.343333334,-0.403333334,0.086666667,,0.343333334,0.403333334,0.086666667
212,2.763333333,-8.446666667,6.34,,,0.043333334,0.25,0.313333333,-0.043333334,-0.25,0.313333333,,,,,,-0.043333334,-0.25,0.313333333,,0.043333334,0.25,0.313333333
213,2.943333333,-7.993333333,6.233333333,,,0.18,0.453333334,0.106666667,0.18,0.453333334,-0.106666667,,,,,,0.18,0.453333334,-0.106666667,,0.18,0.453333334,0.106666667
214,2.833333333,-7.8,5.716666667,,,0.11,0.193333333,0.516666666,-0.11,0.193333333,-0.516666666,,,,,,-0.11,0.193333333,-0.516666666,,0.11,0.193333333,0.516666666
215,3.023333333,-8.27,6.04,,,0.19,0.47,0.323333333,0.19,-0.47,0.323333333,,,,,,0.19,-0.47,0.323333333,,0.19,0.47,0.323333333
216,2.87,-8.423333333,6.153333333,,,0.153333333,0.153333333,0.113333333,-0.153333333,-0.153333333,0.113333333,,,,,,-0.153333333,-0.153333333,0.113333333,,0.153333333,0.153333333,0.113333333
217,2.78,-7.693333333,5.843333333,,,0.09,0.73,0.31,-0.09,0.73,-0.31,,,,,,-0.09,0.73,-0.31,,0.09,0.73,0.31
218,2.313333333,-7.89,5.92,,,0.466666667,0.196666667,0.076666667,-0.466666667,-0.196666667,0.076666667,,,,,,-0.466666667,-0.196666667,0.076666667,,0.466666667,0.196666667,0.076666667
219,2.763333333,-8.486666667,6.053333333,,,0.45,0.596666667,0.133333333,0.45,-0.596666667,0.133333333,,,,,,0.45,-0.596666667,0.133333333,,0.45,0.596666667,0.133333333
220,2.993333333,-8.603333333,5.953333333,,,0.23,0.116666666,0.1,0.23,-0.116666666,-0.1,,,,,,0.23,-0.116666666,-0.1,,0.23,0.116666666,0.1
221,3.253333333,-7.936666667,5.896666667,,,0.26,0.666666666,0.056666666,0.26,0.666666666,-0.056666666,,,,,,0.26,0.666666666,-0.056666666,,0.26,0.666666666,0.056666666
222,3.056666667,-7.743333333,5.473333333,,,0.196666666,0.193333334,0.423333334,-0.196666666,0.193333334,-0.423333334,,,,,,-0.196666666,0.193333334,-0.423333334,,0.196666666,0.193333334,0.423333334
223,2.88,-8.4,6.053333333,,,0.176666667,0.656666667,0.58,-0.176666667,-0.656666667,0.58,,,,,,-0.176666667,-0.656666667,0.58,,0.176666667,0.656666667,0.58
224,2.86,-8.603333333,5.863333333,,,0.02,0.203333333,0.19,-0.02,-0.203333333,-0.19,,,,,,-0.02,-0.203333333,-0.19,,0.02,0.203333333,0.19
225,2.78,-7.9,5.776666667,,,0.08,0.703333333,0.086666666,-0.08,0.703333333,-0.086666666,,,,,,-0.08,0.703333333,-0.086666666,,0.08,0.703333333,0.086666666
226,2.833333333,-7.87,6.153333333,,,0.053333333,0.03,0.376666666,0.053333333,0.03,0.376666666,,,,,,0.053333333,0.03,0.376666666,,0.053333333,0.03,0.376666666
227,2.916666667,-8.396666667,6.33,,,0.083333334,0.526666667,0.176666667,0.083333334,-0.526666667,0.176666667,,,,,,0.083333334,-0.526666667,0.176666667,,0.083333334,0.526666667,0.176666667
228,3.013333333,-8.29,6.07,,,0.096666666,0.106666667,0.26,0.096666666,0.106666667,-0.26,,,,,,0.096666666,0.106666667,-0.26,,0.096666666,0.106666667,0.26
229,2.916666667,-7.986666667,5.58,,,0.096666666,0.303333333,0.49,-0.096666666,0.303333333,-0.49,,,,,,-0.096666666,0.303333333,-0.49,,0.096666666,0.303333333,0.49
230,2.91,-8.05,5.3,,,0.006666667,0.063333333,0.28,-0.006666667,-0.063333333,-0.28,,,,,,-0.006666667,-0.063333333,-0.28,,0.006666667,0.063333333,0.28
231,2.886666667,-8.66,5.75,,,0.023333333,0.61,0.45,-0.023333333,-0.61,0.45,,,,,,-0.023333333,-0.61,0.45,,0.023333333,0.61,0.45
232,2.76,-8.456666667,5.79,,,0.126666667,0.203333333,0.04,-0.126666667,0.203333333,0.04,,,,,,-0.126666667,0.203333333,0.04,,0.126666667,0.203333333,0.04
233,2.726666667,-7.69,5.49,,,0.033333333,0.766666667,0.3,-0.033333333,0.766666667,-0.3,,,,,,-0.033333333,0.766666667,-0.3,,0.033333333,0.766666667,0.3
234,2.613333333,-7.613333333,5.593333333,,,0.113333334,0.076666667,0.103333333,-0.113333334,0.076666667,0.103333333,,,,,,-0.113333334,0.076666667,0.103333333,,0.113333334,0.076666667,0.103333333
235,2.893333333,-8.303333333,5.496666667,,,0.28,0.69,0.096666666,0.28,-0.69,-0.096666666,,,,,,0.28,-0.69,-0.096666666,,0.28,0.69,0.096666666
236,2.913333333,-8.81,6.073333333,,,0.02,0.506666667,0.576666666,0.02,-0.506666667,0.576666666,,,,,,0.02,-0.506666667,0.576666666,,0.02,0.506666667,0.576666666
237,3.076666667,-9.13,5.913333333,,,0.163333334,0.32,0.16,0.163333334,-0.32,-0.16,,,,,,0.163333334,-0.32,-0.16,,0.163333334,0.32,0.16
238,2.983333333,-8.873333333,5.94,,,0.093333334,0.256666667,0.026666667,-0.093333334,0.256666667,0.026666667,,,,,,-0.093333334,0.256666667,0.026666667,,0.093333334,0.256666667,0.026666667
239,3.09,-9.306666667,5.866666667,,,0.106666667,0.433333334,0.073333333,0.106666667,-0.433333334,-0.073333333,,,,,,0.106666667,-0.433333334,-0.073333333,,0.106666667,0.433333334,0.073333333
240,3.156666667,-8.713333333,5.78,,,0.066666667,0.593333334,0.086666667,0.066666667,0.593333334,-0.086666667,,,,,,0.066666667,0.593333334,-0.086666667,,0.066666667,0.593333334,0.086666667
241,3.116666667,-8.243333333,6.123333333,,,0.04,0.47,0.343333333,-0.04,0.47,0.343333333,,,,,,-0.04,0.47,0.343333333,,0.04,0.47,0.343333333
242,2.953333333,-7.283333333,5.553333333,,,0.163333334,0.96,0.57,-0.163333334,0.96,-0.57,,,,,,-0.163333334,0.96,-0.57,,0.163333334,0.96,0.57
243,2.996666667,-7.87,6.02,,,0.043333334,0.586666667,0.466666667,0.043333334,-0.586666667,0.466666667,,,,,,0.043333334,-0.586666667,0.466666667,,0.043333334,0.586666667,0.466666667
244,3.196666667,-8.363333333,5.94,,,0.2,0.493333333,0.08,0.2,-0.493333333,-0.08,,,,,,0.2,-0.493333333,-0.08,,0.2,0.493333333,0.08
245,3.333333333,-8.116666667,6.146666667,,,0.136666666,0.246666666,0.206666667,0.136666666,0.246666666,0.206666667,,,,,,0.136666666,0.246666666,0.206666667,,0.136666666,0.246666666,0.206666667
246,3.11,-7.636666667,6.046666667,,,0.223333333,0.48,0.1,-0.223333333,0.48,-0.1,,,,,,-0.223333333,0.48,-0.1,,0.223333333,0.48,0.1
247,3.17,-7.363333333,5.51,,,0.06,0.273333334,0.536666667,0.06,0.273333334,-0.536666667,,,,,,0.06,0.273333334,-0.536666667,,0.06,0.273333334,0.536666667
248,3.306666667,-8.276666667,5.783333333,,,0.136666667,0.913333334,0.273333333,0.136666667,-0.913333334,0.273333333,,,,,,0.136666667,-0.913333334,0.273333333,,0.136666667,0.913333334,0.273333333
249,3.633333333,-8.533333333,5.773333333,,,0.326666666,0.256666666,0.01,0.326666666,-0.256666666,-0.01,,,,,,0.326666666,-0.256666666,-0.01,,0.326666666,0.256666666,0.01
250,3.416666667,-7.95,5.696666667,,,0.216666666,0.583333333,0.076666666,-0.216666666,0.583333333,-0.076666666,,,,,,-0.216666666,0.583333333,-0.076666666,,0.216666666,0.583333333,0.076666666
251,3.283333333,-7.43,6.07,,,0.133333334,0.52,0.373333333,-0.133333334,0.52,0.373333333,,,,,,-0.133333334,0.52,0.373333333,,0.133333334,0.52,0.373333333
252,3.08,-7.746666667,6,,,0.203333333,0.316666667,0.07,-0.203333333,-0.316666667,-0.07,,,,,,-0.203333333,-0.316666667,-0.07,,0.203333333,0.316666667,0.07
253,3.556666667,-8.463333333,6.286666667,,,0.476666667,0.716666666,0.286666667,0.476666667,-0.716666666,0.286666667,,,,,,0.476666667,-0.716666666,0.286666667,,0.476666667,0.716666666,0.286666667
254,3.7,-8.4,5.97,,,0.143333333,0.063333333,0.316666667,0.143333333,0.063333333,-0.316666667,,,,,,0.143333333,0.063333333,-0.316666667,,0.143333333,0.063333333,0.316666667
255,3.806666667,-7.363333333,5.233333333,,,0.106666667,1.036666667,0.736666667,0.106666667,1.036666667,-0.736666667,,,,,,0.106666667,1.036666667,-0.736666667,,0.106666667,1.036666667,0.736666667
256,3.68,-7.65,4.886666667,,,0.126666667,0.286666667,0.346666666,-0.126666667,-0.286666667,-0.346666666,,,,,,-0.126666667,-0.286666667,-0.346666666,,0.126666667,0.286666667,0.346666666
257,3.723333333,-8.516666667,4.653333333,,,0.043333333,0.866666667,0.233333334,0.043333333,-0.866666667,-0.233333334,,,,,,0.043333333,-0.866666667,-0.233333334,,0.043333333,0.866666667,0.233333334
258,3.786666667,-8.483333333,5.126666667,,,0.063333334,0.033333334,0.473333334,0.063333334,0.033333334,0.473333334,,,,,,0.063333334,0.033333334,0.473333334,,0.063333334,0.033333334,0.473333334
259,3.546666667,-7.893333333,5.31,,,0.24,0.59,0.183333333,-0.24,0.59,0.183333333,,,,,,-0.24,0.59,0.183333333,,0.24,0.59,0.183333333
260,3.4,-7.693333333,4.973333333,,,0.146666667,0.2,0.336666667,-0.146666667,0.2,-0.336666667,,,,,,-0.146666667,0.2,-0.336666667,,0.146666667,0.2,0.336666667
261,3.33,-8.386666667,5.133333333,,,0.07,0.693333334,0.16,-0.07,-0.693333334,0.16,,,,,,-0.07,-0.693333334,0.16,,0.07,0.693333334,0.16
262,3.26,-8.373333333,5.436666667,,,0.07,0.013333334,0.303333334,-0.07,0.013333334,0.303333334,,,,,,-0.07,0.013333334,0.303333334,,0.07,0.013333334,0.303333334
263,3.143333333,-7.693333333,5.506666667,,,0.116666667,0.68,0.07,-0.116666667,0.68,0.07,,,,,,-0.116666667,0.68,0.07,,0.116666667,0.68,0.07
264,3.193333333,-7.913333333,5.63,,,0.05,0.22,0.123333333,0.05,-0.22,0.123333333,,,,,,0.05,-0.22,0.123333333,,0.05,0.22,0.123333333
265,3.3,-8.29,5.57,,,0.106666667,0.376666667,0.06,0.106666667,-0.376666667,-0.06,,,,,,0.106666667,-0.376666667,-0.06,,0.106666667,0.376666667,0.06
266,3.5,-8.02,5.506666667,,,0.2,0.27,0.063333333,0.2,0.27,-0.063333333,,,,,,0.2,0.27,-0.063333333,,0.2,0.27,0.063333333
267,3.476666667,-7.603333333,5.413333333,,,0.023333333,0.416666667,0.093333334,-0.023333333,0.416666667,-0.093333334,,,,,,-0.023333333,0.416666667,-0.093333334,,0.023333333,0.416666667,0.093333334
268,3.33,-7.9,5.196666667,,,0.146666667,0.296666667,0.216666666,-0.146666667,-0.296666667,-0.216666666,,,,,,-0.146666667,-0.296666667,-0.216666666,,0.146666667,0.296666667,0.216666666
269,3.473333333,-8.35,6.016666667,,,0.143333333,0.45,0.82,0.143333333,-0.45,0.82,,,,,,0.143333333,-0.45,0.82,,0.143333333,0.45,0.82
270,3.306666667,-8.383333333,5.926666667,,,0.166666666,0.033333333,0.09,-0.166666666,-0.033333333,-0.09,,,,,,-0.166666666,-0.033333333,-0.09,,0.166666666,0.033333333,0.09
271,3.393333333,-7.526666667,5.703333333,,,0.086666666,0.856666666,0.223333334,0.086666666,0.856666666,-0.223333334,,,,,,0.086666666,0.856666666,-0.223333334,,0.086666666,0.856666666,0.223333334
272,3.063333333,-7.75,5.603333333,,,0.33,0.223333333,0.1,-0.33,-0.223333333,-0.1,,,,,,-0.33,-0.223333333,-0.1,,0.33,0.223333333,0.1
273,3.21,-8.453333333,5.436666667,,,0.146666667,0.703333333,0.166666666,0.146666667,-0.703333333,-0.166666666,,,,,,0.146666667,-0.703333333,-0.166666666,,0.146666667,0.703333333,0.166666666
274,3.196666667,-8.8,5.476666667,,,0.013333333,0.346666667,0.04,-0.013333333,-0.346666667,0.04,,,,,,-0.013333333,-0.346666667,0.04,,0.013333333,0.346666667,0.04
275,3.153333333,-8.5,5.003333333,,,0.043333334,0.3,0.473333334,-0.043333334,0.3,-0.473333334,,,,,,-0.043333334,0.3,-0.473333334,,0.043333334,0.3,0.473333334
276,3.04,-8.136666667,5.123333333,,,0.113333333,0.363333333,0.12,-0.113333333,0.363333333,0.12,,,,,,-0.113333333,0.363333333,0.12,,0.113333333,0.363333333,0.12
277,2.823333333,-8.586666667,5.726666667,,,0.216666667,0.45,0.603333334,-0.216666667,-0.45,0.603333334,,,,,,-0.216666667,-0.45,0.603333334,,0.216666667,0.45,0.603333334
278,3.05,-8.586666667,6.2,,,0.226666667,0,0.473333333,0.226666667,0,0.473333333,,,,,,0.226666667,0,0.473333333,,0.226666667,0,0.473333333
279,3.136666667,-7.873333333,5.64,,,0.086666667,0.713333334,0.56,0.086666667,0.713333334,-0.56,,,,,,0.086666667,0.713333334,-0.56,,0.086666667,0.713333334,0.56
280,3.736666667,-7.236666667,5.96,,,0.6,0.636666666,0.32,0.6,0.636666666,0.32,,,,,,0.6,0.636666666,0.32,,0.6,0.636666666,0.32
281,4.143333333,-7.726666667,5.476666667,,,0.406666666,0.49,0.483333333,0.406666666,-0.49,-0.483333333,,,,,,0.406666666,-0.49,-0.483333333,,0.406666666,0.49,0.483333333
282,4.276666667,-7.543333333,5.963333333,,,0.133333334,0.183333334,0.486666666,0.133333334,0.183333334,0.486666666,,,,,,0.133333334,0.183333334,0.486666666,,0.133333334,0.183333334,0.486666666
283,4.053333333,-7.463333333,5.61,,,0.223333334,0.08,0.353333333,-0.223333334,0.08,-0.353333333,,,,,,-0.223333334,0.08,-0.353333333,,0.223333334,0.08,0.353333333
284,3.576666667,-7.44,5.863333333,,,0.476666666,0.023333333,0.253333333,-0.476666666,0.023333333,0.253333333,,,,,,-0.476666666,0.023333333,0.253333333,,0.476666666,0.023333333,0.253333333
285,3.436666667,-8.236666667,5.913333333,,,0.14,0.796666667,0.05,-0.14,-0.796666667,0.05,,,,,,-0.14,-0.796666667,0.05,,0.14,0.796666667,0.05
286,3.483333333,-8.236666667,5.706666667,,,0.046666666,0,0.206666666,0.046666666,0,-0.206666666,,,,,,0.046666666,0,-0.206666666,,0.046666666,0,0.206666666
287,3.516666667,-7.9,5.363333333,,,0.033333334,0.336666667,0.343333334,0.033333334,0.336666667,-0.343333334,,,,,,0.033333334,0.336666667,-0.343333334,,0.033333334,0.336666667,0.343333334
288,3.756666667,-7.853333333,5.65,,,0.24,0.046666667,0.286666667,0.24,0.046666667,0.286666667,,,,,,0.24,0.046666667,0.286666667,,0.24,0.046666667,0.286666667
289,3.796666667,-8.07,5.493333333,,,0.04,0.216666667,0.156666667,0.04,-0.216666667,-0.156666667,,,,,,0.04,-0.216666667,-0.156666667,,0.04,0.216666667,0.156666667
290,3.746666667,-7.736666667,5.5,,,0.05,0.333333333,0.006666667,-0.05,0.333333333,0.006666667,,,,,,-0.05,0.333333333,0.006666667,,0.05,0.333333333,0.006666667
291,3.693333333,-7.863333333,5.29,,,0.053333334,0.126666666,0.21,-0.053333334,-0.126666666,-0.21,,,,,,-0.053333334,-0.126666666,-0.21,,0.053333334,0.126666666,0.21
292,3.656666667,-8,5.336666667,,,0.036666666,0.136666667,0.046666667,-0.036666666,-0.136666667,0.046666667,,,,,,-0.036666666,-0.136666667,0.046666667,,0.036666666,0.136666667,0.046666667
293,3.8,-7.796666667,4.996666667,,,0.143333333,0.203333333,0.34,0.143333333,0.203333333,-0.34,,,,,,0.143333333,0.203333333,-0.34,,0.143333333,0.203333333,0.34
294,3.62,-7.763333333,4.943333333,,,0.18,0.033333334,0.053333334,-0.18,0.033333334,-0.053333334,,,,,,-0.18,0.033333334,-0.053333334,,0.18,0.033333334,0.053333334
295,3.6,-8.46,5.223333333,,,0.02,0.696666667,0.28,-0.02,-0.696666667,0.28,,,,,,-0.02,-0.696666667,0.28,,0.02,0.696666667,0.28
296,3.523333333,-8.726666667,5.793333333,,,0.076666667,0.266666667,0.57,-0.076666667,-0.266666667,0.57,,,,,,-0.076666667,-0.266666667,0.57,,0.076666667,0.266666667,0.57
297,3.363333333,-8.126666667,6.07,,,0.16,0.6,0.276666667,-0.16,0.6,0.276666667,,,,,,-0.16,0.6,0.276666667,,0.16,0.6,0.276666667
298,3.243333333,-7.483333333,5.683333333,,,0.12,0.643333334,0.386666667,-0.12,0.643333334,-0.386666667,,,,,,-0.12,0.643333334,-0.386666667,,0.12,0.643333334,0.386666667
299,3.556666667,-8.01,6.08,,,0.313333334,0.526666667,0.396666667,0.313333334,-0.526666667,0.396666667,,,,,,0.313333334,-0.526666667,0.396666667,,0.313333334,0.526666667,0.396666667
300,3.903333333,-8.446666667,5.78,,,0.346666666,0.436666667,0.3,0.346666666,-0.436666667,-0.3,,,,,,0.346666666,-0.436666667,-0.3,,0.346666666,0.436666667,0.3
301,3.91,-7.716666667,5.65,,,0.006666667,0.73,0.13,0.006666667,0.73,-0.13,,,,,,0.006666667,0.73,-0.13,,0.006666667,0.73,0.13
302,3.75,-7.493333333,5.696666667,,,0.16,0.223333334,0.046666667,-0.16,0.223333334,0.046666667,,,,,,-0.16,0.223333334,0.046666667,,0.16,0.223333334,0.046666667
303,3.5,-8.06,5.493333333,,,0.25,0.566666667,0.203333334,-0.25,-0.566666667,-0.203333334,,,,,,-0.25,-0.566666667,-0.203333334,,0.25,0.566666667,0.203333334
304,3.566666667,-8.2,5.443333333,,,0.066666667,0.14,0.05,0.066666667,-0.14,-0.05,,,,,,0.066666667,-0.14,-0.05,,0.066666667,0.14,0.05
305,3.42,-8.013333333,5.013333333,,,0.146666667,0.186666667,0.43,-0.146666667,0.186666667,-0.43,,,,,,-0.146666667,0.186666667,-0.43,,0.146666667,0.186666667,0.43
306,3.473333333,-7.743333333,4.923333333,,,0.053333333,0.27,0.09,0.053333333,0.27,-0.09,,,,,,0.053333333,0.27,-0.09,,0.053333333,0.27,0.09
307,3.536666667,-8.66,5.423333333,,,0.063333334,0.916666667,0.5,0.063333334,-0.916666667,0.5,,,,,,0.063333334,-0.916666667,0.5,,0.063333334,0.916666667,0.5
308,3.486666667,-8.636666667,5.496666667,,,0.05,0.023333333,0.073333334,-0.05,0.023333333,0.073333334,,,,,,-0.05,0.023333333,0.073333334,,0.05,0.023333333,0.073333334
309,3.453333333,-8.02,5.326666667,,,0.033333334,0.616666667,0.17,-0.033333334,0.616666667,-0.17,,,,,,-0.033333334,0.616666667,-0.17,,0.033333334,0.616666667,0.17
310,3.446666667,-8.003333333,5.356666667,,,0.006666666,0.016666667,0.03,-0.006666666,0.016666667,0.03,,,,,,-0.006666666,0.016666667,0.03,,0.006666666,0.016666667,0.03
311,3.503333333,-8.563333333,5.13,,,0.056666666,0.56,0.226666667,0.056666666,-0.56,-0.226666667,,,,,,0.056666666,-0.56,-0.226666667,,0.056666666,0.56,0.226666667
312,3.663333333,-8.333333333,4.9,,,0.16,0.23,0.23,0.16,0.23,-0.23,,,,,,0.16,0.23,-0.23,,0.16,0.23,0.23
313,3.263333333,-7.853333333,4.773333333,,,0.4,0.48,0.126666667,-0.4,0.48,-0.126666667,,,,,,-0.4,0.48,-0.126666667,,0.4,0.48,0.126666667
314,3.266666667,-7.736666667,4.903333333,,,0.003333334,0.116666666,0.13,0.003333334,0.116666666,0.13,,,,,,0.003333334,0.116666666,0.13,,0.003333334,0.116666666,0.13
315,3.4,-8.456666667,5.686666667,,,0.133333333,0.72,0.783333334,0.133333333,-0.72,0.783333334,,,,,,0.133333333,-0.72,0.783333334,,0.133333333,0.72,0.783333334
316,3.553333333,-8.436666667,5.65,,,0.153333333,0.02,0.036666667,0.153333333,0.02,-0.036666667,,,,,,0.153333333,0.02,-0.036666667,,0.153333333,0.02,0.036666667
317,3.383333333,-7.696666667,5.076666667,,,0.17,0.74,0.573333333,-0.17,0.74,-0.573333333,,,,,,-0.17,0.74,-0.573333333,,0.17,0.74,0.573333333
318,3.286666667,-7.976666667,5.276666667,,,0.096666666,0.28,0.2,-0.096666666,-0.28,0.2,,,,,,-0.096666666,-0.28,0.2,,0.096666666,0.28,0.2
319,3.316666667,-8.573333333,5.273333333,,,0.03,0.596666666,0.003333334,0.03,-0.596666666,-0.003333334,,,,,,0.03,-0.596666666,-0.003333334,,0.03,0.596666666,0.003333334
320,3.436666667,-8.706666667,5.34,,,0.12,0.133333334,0.066666667,0.12,-0.133333334,0.066666667,,,,,,0.12,-0.133333334,0.066666667,,0.12,0.133333334,0.066666667
321,3.143333333,-8.17,5.126666667,,,0.293333334,0.536666667,0.213333333,-0.293333334,0.536666667,-0.213333333,,,,,,-0.293333334,0.536666667,-0.213333333,,0.293333334,0.536666667,0.213333333
322,3.443333333,-8.193333333,4.856666667,,,0.3,0.023333333,0.27,0.3,-0.023333333,-0.27,,,,,,0.3,-0.023333333,-0.27,,0.3,0.023333333,0.27
323,3.566666667,-8.886666667,5.026666667,,,0.123333334,0.693333334,0.17,0.123333334,-0.693333334,0.17,,,,,,0.123333334,-0.693333334,0.17,,0.123333334,0.693333334,0.17
324,3.553333333,-8.886666667,4.93,,,0.013333334,0,0.096666667,-0.013333334,0,-0.096666667,,,,,,-0.013333334,0,-0.096666667,,0.013333334,0,0.096666667
325,3.403333333,-7.98,4.68,,,0.15,0.906666667,0.25,-0.15,0.906666667,-0.25,,,,,,-0.15,0.906666667,-0.25,,0.15,0.906666667,0.25
326,3.346666667,-8.043333333,5.08,,,0.056666666,0.063333333,0.4,-0.056666666,-0.063333333,0.4,,,,,,-0.056666666,-0.063333333,0.4,,0.056666666,0.063333333,0.4
327,3.496666667,-8.65,5.096666667,,,0.15,0.606666667,0.016666667,0.15,-0.606666667,0.016666667,,,,,,0.15,-0.606666667,0.016666667,,0.15,0.606666667,0.016666667
328,3.68,-8.733333333,5.14,,,0.183333333,0.083333333,0.043333333,0.183333333,-0.083333333,0.043333333,,,,,,0.183333333,-0.083333333,0.043333333,,0.183333333,0.083333333,0.043333333
329,3.436666667,-8.08,5.206666667,,,0.243333333,0.653333333,0.066666667,-0.243333333,0.653333333,0.066666667,,,,,,-0.243333333,0.653333333,0.066666667,,0.243333333,0.653333333,0.066666667
330,3.46,-7.81,5.143333333,,,0.023333333,0.27,0.063333334,0.023333333,0.27,-0.063333334,,,,,,0.023333333,0.27,-0.063333334,,0.023333333,0.27,0.063333334
331,3.376666667,-8.456666667,5.596666667,,,0.083333333,0.646666667,0.453333334,-0.083333333,-0.646666667,0.453333334,,,,,,-0.083333333,-0.646666667,0.453333334,,0.083333333,0.646666667,0.453333334
332,3.466666667,-8.643333333,5.48,,,0.09,0.186666666,0.116666667,0.09,-0.186666666,-0.116666667,,,,,,0.09,-0.186666666,-0.116666667,,0.09,0.186666666,0.116666667
333,3.45,-7.826666667,4.893333333,,,0.016666667,0.816666666,0.586666667,-0.016666667,0.816666666,-0.586666667,,,,,,-0.016666667,0.816666666,-0.586666667,,0.016666667,0.816666666,0.586666667
334,3.22,-7.65,5.46,,,0.23,0.176666667,0.566666667,-0.23,0.176666667,0.566666667,,,,,,-0.23,0.176666667,0.566666667,,0.23,0.176666667,0.566666667
335,3.313333333,-8.163333333,5.536666667,,,0.093333333,0.513333333,0.076666667,0.093333333,-0.513333333,0.076666667,,,,,,0.093333333,-0.513333333,0.076666667,,0.093333333,0.513333333,0.076666667
336,3.246666667,-8.27,5.996666667,,,0.066666666,0.106666667,0.46,-0.066666666,-0.106666667,0.46,,,,,,-0.066666666,-0.106666667,0.46,,0.066666666,0.106666667,0.46
337,3.033333333,-7.823333333,5.726666667,,,0.213333334,0.446666667,0.27,-0.213333334,0.446666667,-0.27,,,,,,-0.213333334,0.446666667,-0.27,,0.213333334,0.446666667,0.27
338,3.08,-7.35,5.573333333,,,0.046666667,0.473333333,0.153333334,0.046666667,0.473333333,-0.153333334,,,,,,0.046666667,0.473333333,-0.153333334,,0.046666667,0.473333333,0.153333334
339,2.943333333,-7.62,6.103333333,,,0.136666667,0.27,0.53,-0.136666667,-0.27,0.53,,,,,,-0.136666667,-0.27,0.53,,0.136666667,0.27,0.53
340,3.16,-7.503333333,5.546666667,,,0.216666667,0.116666667,0.556666666,0.216666667,0.116666667,-0.556666666,,,,,,0.216666667,0.116666667,-0.556666666,,0.216666667,0.116666667,0.556666666
341,3.016666667,-7.203333333,5.956666667,,,0.143333333,0.3,0.41,-0.143333333,0.3,0.41,,,,,,-0.143333333,0.3,0.41,,0.143333333,0.3,0.41
342,3.246666667,-6.8,5.216666667,,,0.23,0.403333333,0.74,0.23,0.403333333,-0.74,,,,,,0.23,0.403333333,-0.74,,0.23,0.403333333,0.74
343,3.176666667,-6.906666667,5.676666667,,,0.07,0.106666667,0.46,-0.07,-0.106666667,0.46,,,,,,-0.07,-0.106666667,0.46,,0.07,0.106666667,0.46
344,3.35,-7.346666667,5.25,,,0.173333333,0.44,0.426666667,0.173333333,-0.44,-0.426666667,,,,,,0.173333333,-0.44,-0.426666667,,0.173333333,0.44,0.426666667
345,3.743333333,-8.106666667,6.056666667,,,0.393333333,0.76,0.806666667,0.393333333,-0.76,0.806666667,,,,,,0.393333333,-0.76,0.806666667,,0.393333333,0.76,0.806666667
346,3.776666667,-8.31,5.85,,,0.033333334,0.203333333,0.206666667,0.033333334,-0.203333333,-0.206666667,,,,,,0.033333334,-0.203333333,-0.206666667,,0.033333334,0.203333333,0.206666667
347,3.453333333,-7.713333333,5.803333333,,,0.323333334,0.596666667,0.046666667,-0.323333334,0.596666667,-0.046666667,,,,,,-0.323333334,0.596666667,-0.046666667,,0.323333334,0.596666667,0.046666667
348,2.76,-7.766666667,6.16,,,0.693333333,0.053333334,0.356666667,-0.693333333,-0.053333334,0.356666667,,,,,,-0.693333333,-0.053333334,0.356666667,,0.693333333,0.053333334,0.356666667
349,2.673333333,-8.08,6.653333333,,,0.086666667,0.313333333,0.493333333,-0.086666667,-0.313333333,0.493333333,,,,,,-0.086666667,-0.313333333,0.493333333,,0.086666667,0.313333333,0.493333333
350,2.846666667,-7.72,6.25,,,0.173333334,0.36,0.403333333,0.173333334,0.36,-0.403333333,,,,,,0.173333334,0.36,-0.403333333,,0.173333334,0.36,0.403333333
351,2.963333333,-7.343333333,5.74,,,0.116666666,0.376666667,0.51,0.116666666,0.376666667,-0.51,,,,,,0.116666666,0.376666667,-0.51,,0.116666666,0.376666667,0.51
352,3.2,-7.723333333,5.79,,,0.236666667,0.38,0.05,0.236666667,-0.38,0.05,,,,,,0.236666667,-0.38,0.05,,0.236666667,0.38,0.05
353,3.543333333,-8.493333333,6.396666667,,,0.343333333,0.77,0.606666667,0.343333333,-0.77,0.606666667,,,,,,0.343333333,-0.77,0.606666667,,0.343333333,0.77,0.606666667
354,3.566666667,-8.356666667,6.44,,,0.023333334,0.136666666,0.043333333,0.023333334,0.136666666,0.043333333,,,,,,0.023333334,0.136666666,0.043333333,,0.023333334,0.136666666,0.043333333
355,3.51,-7.303333333,5.596666667,,,0.056666667,1.053333334,0.843333333,-0.056666667,1.053333334,-0.843333333,,,,,,-0.056666667,1.053333334,-0.843333333,,0.056666667,1.053333334,0.843333333
356,3.346666667,-7.53,6.07,,,0.163333333,0.226666667,0.473333333,-0.163333333,-0.226666667,0.473333333,,,,,,-0.163333333,-0.226666667,0.473333333,,0.163333333,0.226666667,0.473333333
357,3.563333333,-8.206666667,6.143333333,,,0.216666666,0.676666667,0.073333333,0.216666666,-0.676666667,0.073333333,,,,,,0.216666666,-0.676666667,0.073333333,,0.216666666,0.676666667,0.073333333
358,3.85,-7.766666667,5.93,,,0.286666667,0.44,0.213333333,0.286666667,0.44,-0.213333333,,,,,,0.286666667,0.44,-0.213333333,,0.286666667,0.44,0.213333333
359,3.746666667,-7.256666667,5.71,,,0.103333333,0.51,0.22,-0.103333333,0.51,-0.22,,,,,,-0.103333333,0.51,-0.22,,0.103333333,0.51,0.22
360,3.603333333,-7.43,5.773333333,,,0.143333334,0.173333333,0.063333333,-0.143333334,-0.173333333,0.063333333,,,,,,-0.143333334,-0.173333333,0.063333333,,0.143333334,0.173333333,0.063333333
361,3.666666667,-8.21,7.013333333,,,0.063333334,0.78,1.24,0.063333334,-0.78,1.24,,,,,,0.063333334,-0.78,1.24,,0.063333334,0.78,1.24
362,3.76,-7.856666667,7.133333333,,,0.093333333,0.353333333,0.12,0.093333333,0.353333333,0.12,,,,,,0.093333333,0.353333333,0.12,,0.093333333,0.353333333,0.12
363,4.2,-7.07,6.406666667,,,0.44,0.786666667,0.726666666,0.44,0.786666667,-0.726666666,,,,,,0.44,0.786666667,-0.726666666,,0.44,0.786666667,0.726666666
364,3.943333333,-7.296666667,6.126666667,,,0.256666667,0.226666667,0.28,-0.256666667,-0.226666667,-0.28,,,,,,-0.256666667,-0.226666667,-0.28,,0.256666667,0.226666667,0.28
365,3.913333333,-7.98,5.92,,,0.03,0.683333333,0.206666667,-0.03,-0.683333333,-0.206666667,,,,,,-0.03,-0.683333333,-0.206666667,,0.03,0.683333333,0.206666667
366,3.653333333,-7.603333333,5.733333333,,,0.26,0.376666667,0.186666667,-0.26,0.376666667,-0.186666667,,,,,,-0.26,0.376666667,-0.186666667,,0.26,0.376666667,0.186666667
367,3.686666667,-7.516666667,5.536666667,,,0.033333334,0.086666666,0.196666666,0.033333334,0.086666666,-0.196666666,,,,,,0.033333334,0.086666666,-0.196666666,,0.033333334,0.086666666,0.196666666
368,3.64,-7.966666667,5.373333333,,,0.046666667,0.45,0.163333334,-0.046666667,-0.45,-0.163333334,,,,,,-0.046666667,-0.45,-0.163333334,,0.046666667,0.45,0.163333334
369,3.696666667,-8.116666667,5.563333333,,,0.056666667,0.15,0.19,0.056666667,-0.15,0.19,,,,,,0.056666667,-0.15,0.19,,0.056666667,0.15,0.19
370,3.406666667,-7.783333333,5.57,,,0.29,0.333333334,0.006666667,-0.29,0.333333334,0.006666667,,,,,,-0.29,0.333333334,0.006666667,,0.29,0.333333334,0.006666667
371,3.593333333,-7.52,5.426666667,,,0.186666666,0.263333333,0.143333333,0.186666666,0.263333333,-0.143333333,,,,,,0.186666666,0.263333333,-0.143333333,,0.186666666,0.263333333,0.143333333
372,3.596666667,-8.28,5.97,,,0.003333334,0.76,0.543333333,0.003333334,-0.76,0.543333333,,,,,,0.003333334,-0.76,0.543333333,,0.003333334,0.76,0.543333333
373,3.71,-8.79,5.99,,,0.113333333,0.51,0.02,0.113333333,-0.51,0.02,,,,,,0.113333333,-0.51,0.02,,0.113333333,0.51,0.02
374,3.58,-8.053333333,5.543333333,,,0.13,0.736666667,0.446666667,-0.13,0.736666667,-0.446666667,,,,,,-0.13,0.736666667,-0.446666667,,0.13,0.736666667,0.446666667
375,3.276666667,-7.536666667,5.646666667,,,0.303333333,0.516666666,0.103333334,-0.303333333,0.516666666,0.103333334,,,,,,-0.303333333,0.516666666,0.103333334,,0.303333333,0.516666666,0.103333334
376,3.423333333,-7.303333333,5.223333333,,,0.146666666,0.233333334,0.423333334,0.146666666,0.233333334,-0.423333334,,,,,,0.146666666,0.233333334,-0.423333334,,0.146666666,0.233333334,0.423333334
377,3.373333333,-8.016666667,5.866666667,,,0.05,0.713333334,0.643333334,-0.05,-0.713333334,0.643333334,,,,,,-0.05,-0.713333334,0.643333334,,0.05,0.713333334,0.643333334
378,3.616666667,-8.023333333,5.7,,,0.243333334,0.006666666,0.166666667,0.243333334,-0.006666666,-0.166666667,,,,,,0.243333334,-0.006666666,-0.166666667,,0.243333334,0.006666666,0.166666667
379,3.563333333,-7.583333333,5.613333333,,,0.053333334,0.44,0.086666667,-0.053333334,0.44,-0.086666667,,,,,,-0.053333334,0.44,-0.086666667,,0.053333334,0.44,0.086666667
380,3.57,-7.71,5.65,,,0.006666667,0.126666667,0.036666667,0.006666667,-0.126666667,0.036666667,,,,,,0.006666667,-0.126666667,0.036666667,,0.006666667,0.126666667,0.036666667
381,3.55,-8.14,5.603333333,,,0.02,0.43,0.046666667,-0.02,-0.43,-0.046666667,,,,,,-0.02,-0.43,-0.046666667,,0.02,0.43,0.046666667
382,3.85,-8.186666667,5.533333333,,,0.3,0.046666667,0.07,0.3,-0.046666667,-0.07,,,,,,0.3,-0.046666667,-0.07,,0.3,0.046666667,0.07
383,3.54,-7.703333333,5.663333333,,,0.31,0.483333334,0.13,-0.31,0.483333334,0.13,,,,,,-0.31,0.483333334,0.13,,0.31,0.483333334,0.13
384,3.493333333,-7.73,5.416666667,,,0.046666667,0.026666667,0.246666666,-0.046666667,-0.026666667,-0.246666666,,,,,,-0.046666667,-0.026666667,-0.246666666,,0.046666667,0.026666667,0.246666666
385,3.433333333,-8.36,6.13,,,0.06,0.63,0.713333333,-0.06,-0.63,0.713333333,,,,,,-0.06,-0.63,0.713333333,,0.06,0.63,0.713333333
386,3.96,-8.426666667,6.163333333,,,0.526666667,0.066666667,0.033333333,0.526666667,-0.066666667,0.033333333,,,,,,0.526666667,-0.066666667,0.033333333,,0.526666667,0.066666667,0.033333333
387,4.256666667,-7.846666667,5.77,,,0.296666667,0.58,0.393333333,0.296666667,0.58,-0.393333333,,,,,,0.296666667,0.58,-0.393333333,,0.296666667,0.58,0.393333333
388,3.98,-7.293333333,5.623333333,,,0.276666667,0.553333334,0.146666667,-0.276666667,0.553333334,-0.146666667,,,,,,-0.276666667,0.553333334,-0.146666667,,0.276666667,0.553333334,0.146666667
389,3.97,-7.89,5.14,,,0.01,0.596666667,0.483333333,-0.01,-0.596666667,-0.483333333,,,,,,-0.01,-0.596666667,-0.483333333,,0.01,0.596666667,0.483333333
390,3.746666667,-8.406666667,5.836666667,,,0.223333333,0.516666667,0.696666667,-0.223333333,-0.516666667,0.696666667,,,,,,-0.223333333,-0.516666667,0.696666667,,0.223333333,0.516666667,0.696666667
391,3.816666667,-8.676666667,5.616666667,,,0.07,0.27,0.22,0.07,-0.27,-0.22,,,,,,0.07,-0.27,-0.22,,0.07,0.27,0.22
392,3.513333333,-7.546666667,5.566666667,,,0.303333334,1.13,0.05,-0.303333334,1.13,-0.05,,,,,,-0.303333334,1.13,-0.05,,0.303333334,1.13,0.05
393,3.31,-7.566666667,6.133333333,,,0.203333333,0.02,0.566666666,-0.203333333,-0.02,0.566666666,,,,,,-0.203333333,-0.02,0.566666666,,0.203333333,0.02,0.566666666
394,3.416666667,-8.096666667,6.183333333,,,0.106666667,0.53,0.05,0.106666667,-0.53,0.05,,,,,,0.106666667,-0.53,0.05,,0.106666667,0.53,0.05
395,3.97,-8.143333333,5.82,,,0.553333333,0.046666666,0.363333333,0.553333333,-0.046666666,-0.363333333,,,,,,0.553333333,-0.046666666,-0.363333333,,0.553333333,0.046666666,0.363333333
396,4.176666667,-7.48,5.253333333,,,0.206666667,0.663333333,0.566666667,0.206666667,0.663333333,-0.566666667,,,,,,0.206666667,0.663333333,-0.566666667,,0.206666667,0.663333333,0.566666667
397,4.3,-7.073333333,4.836666667,,,0.123333333,0.406666667,0.416666666,0.123333333,0.406666667,-0.416666666,,,,,,0.123333333,0.406666667,-0.416666666,,0.123333333,0.406666667,0.416666666
398,4.206666667,-7.853333333,5.616666667,,,0.093333333,0.78,0.78,-0.093333333,-0.78,0.78,,,,,,-0.093333333,-0.78,0.78,,0.093333333,0.78,0.78
399,4.436666667,-8.33,5.526666667,,,0.23,0.476666667,0.09,0.23,-0.476666667,-0.09,,,,,,0.23,-0.476666667,-0.09,,0.23,0.476666667,0.09
400,4.41,-7.61,5.33,,,0.026666667,0.72,0.196666667,-0.026666667,0.72,-0.196666667,,,,,,-0.026666667,0.72,-0.196666667,,0.026666667,0.72,0.196666667
401,4.196666667,-7.223333333,5.256666667,,,0.213333333,0.386666667,0.073333333,-0.213333333,0.386666667,-0.073333333,,,,,,-0.213333333,0.386666667,-0.073333333,,0.213333333,0.386666667,0.073333333
402,4.126666667,-7.546666667,5.23,,,0.07,0.323333334,0.026666667,-0.07,-0.323333334,-0.026666667,,,,,,-0.07,-0.323333334,-0.026666667,,0.07,0.323333334,0.026666667
403,4.123333333,-7.996666667,5.68,,,0.003333334,0.45,0.45,-0.003333334,-0.45,0.45,,,,,,-0.003333334,-0.45,0.45,,0.003333334,0.45,0.45
404,4.04,-7.89,5.44,,,0.083333333,0.106666667,0.24,-0.083333333,0.106666667,-0.24,,,,,,-0.083333333,0.106666667,-0.24,,0.083333333,0.106666667,0.24
405,3.93,-7.3,4.986666667,,,0.11,0.59,0.453333333,-0.11,0.59,-0.453333333,,,,,,-0.11,0.59,-0.453333333,,0.11,0.59,0.453333333
406,4.016666667,-7.8,5.423333333,,,0.086666667,0.5,0.436666666,0.086666667,-0.5,0.436666666,,,,,,0.086666667,-0.5,0.436666666,,0.086666667,0.5,0.436666666
407,4.233333333,-8.21,5.71,,,0.216666666,0.41,0.286666667,0.216666666,-0.41,0.286666667,,,,,,0.216666666,-0.41,0.286666667,,0.216666666,0.41,0.286666667
408,4.19,-7.91,5.72,,,0.043333333,0.3,0.01,-0.043333333,0.3,0.01,,,,,,-0.043333333,0.3,0.01,,0.043333333,0.3,0.01
409,3.95,-7.44,5.72,,,0.24,0.47,0,-0.24,0.47,0,,,,,,-0.24,0.47,0,,0.24,0.47,0
410,4.016666667,-7.65,5.41,,,0.066666667,0.21,0.31,0.066666667,-0.21,-0.31,,,,,,0.066666667,-0.21,-0.31,,0.066666667,0.21,0.31
411,4.26,-8.273333333,5.706666667,,,0.243333333,0.623333333,0.296666667,0.243333333,-0.623333333,0.296666667,,,,,,0.243333333,-0.623333333,0.296666667,,0.243333333,0.623333333,0.296666667
412,4.29,-8.23,5.54,,,0.03,0.043333333,0.166666667,0.03,0.043333333,-0.166666667,,,,,,0.03,0.043333333,-0.166666667,,0.03,0.043333333,0.166666667
413,4.196666667,-7.236666667,4.856666667,,,0.093333333,0.993333333,0.683333333,-0.093333333,0.993333333,-0.683333333,,,,,,-0.093333333,0.993333333,-0.683333333,,0.093333333,0.993333333,0.683333333
414,4.06,-6.92,5.346666667,,,0.136666667,0.316666667,0.49,-0.136666667,0.316666667,0.49,,,,,,-0.136666667,0.316666667,0.49,,0.136666667,0.316666667,0.49
415,4.473333333,-7.42,5.013333333,,,0.413333333,0.5,0.333333334,0.413333333,-0.5,-0.333333334,,,,,,0.413333333,-0.5,-0.333333334,,0.413333333,0.5,0.333333334
416,4.616666667,-8.446666667,6.016666667,,,0.143333334,1.026666667,1.003333334,0.143333334,-1.026666667,1.003333334,,,,,,0.143333334,-1.026666667,1.003333334,,0.143333334,1.026666667,1.003333334
417,4.823333333,-8.773333333,5.76,,,0.206666666,0.326666666,0.256666667,0.206666666,-0.326666666,-0.256666667,,,,,,0.206666666,-0.326666666,-0.256666667,,0.206666666,0.326666666,0.256666667
418,4.54,-8.056666667,5.296666667,,,0.283333333,0.716666666,0.463333333,-0.283333333,0.716666666,-0.463333333,,,,,,-0.283333333,0.716666666,-0.463333333,,0.283333333,0.716666666,0.463333333
419,4.08,-7.236666667,5.576666667,,,0.46,0.82,0.28,-0.46,0.82,0.28,,,,,,-0.46,0.82,0.28,,0.46,0.82,0.28
420,3.81,-6.953333333,5.056666667,,,0.27,0.283333334,0.52,-0.27,0.283333334,-0.52,,,,,,-0.27,0.283333334,-0.52,,0.27,0.283333334,0.52
421,3.746666667,-7.53,5.993333333,,,0.063333333,0.576666667,0.936666666,-0.063333333,-0.576666667,0.936666666,,,,,,-0.063333333,-0.576666667,0.936666666,,0.063333333,0.576666667,0.936666666
422,4.163333333,-8.346666667,5.62,,,0.416666666,0.816666667,0.373333333,0.416666666,-0.816666667,-0.373333333,,,,,,0.416666666,-0.816666667,-0.373333333,,0.416666666,0.816666667,0.373333333
423,4.343333333,-8.516666667,5.946666667,,,0.18,0.17,0.326666667,0.18,-0.17,0.326666667,,,,,,0.18,-0.17,0.326666667,,0.18,0.17,0.326666667
424,4.223333333,-8.016666667,5.92,,,0.12,0.5,0.026666667,-0.12,0.5,-0.026666667,,,,,,-0.12,0.5,-0.026666667,,0.12,0.5,0.026666667
425,4.09,-7.24,5.276666667,,,0.133333333,0.776666667,0.643333333,-0.133333333,0.776666667,-0.643333333,,,,,,-0.133333333,0.776666667,-0.643333333,,0.133333333,0.776666667,0.643333333
426,3.97,-7.383333333,5.67,,,0.12,0.143333333,0.393333333,-0.12,-0.143333333,0.393333333,,,,,,-0.12,-0.143333333,0.393333333,,0.12,0.143333333,0.393333333
427,4.336666667,-8.176666667,5.57,,,0.366666667,0.793333334,0.1,0.366666667,-0.793333334,-0.1,,,,,,0.366666667,-0.793333334,-0.1,,0.366666667,0.793333334,0.1
428,4.543333333,-8.65,6.056666667,,,0.206666666,0.473333333,0.486666667,0.206666666,-0.473333333,0.486666667,,,,,,0.206666666,-0.473333333,0.486666667,,0.206666666,0.473333333,0.486666667
429,4.45,-8.346666667,6.133333333,,,0.093333333,0.303333333,0.076666666,-0.093333333,0.303333333,0.076666666,,,,,,-0.093333333,0.303333333,0.076666666,,0.093333333,0.303333333,0.076666666
430,3.93,-7.41,5.486666667,,,0.52,0.936666667,0.646666666,-0.52,0.936666667,-0.646666666,,,,,,-0.52,0.936666667,-0.646666666,,0.52,0.936666667,0.646666666
431,3.57,-7.433333333,5.863333333,,,0.36,0.023333333,0.376666666,-0.36,-0.023333333,0.376666666,,,,,,-0.36,-0.023333333,0.376666666,,0.36,0.023333333,0.376666666
432,3.876666667,-7.916666667,5.643333333,,,0.306666667,0.483333334,0.22,0.306666667,-0.483333334,-0.22,,,,,,0.306666667,-0.483333334,-0.22,,0.306666667,0.483333334,0.22
433,4.406666667,-8.336666667,5.983333333,,,0.53,0.42,0.34,0.53,-0.42,0.34,,,,,,0.53,-0.42,0.34,,0.53,0.42,0.34
434,4.466666667,-7.873333333,6,,,0.06,0.463333334,0.016666667,0.06,0.463333334,0.016666667,,,,,,0.06,0.463333334,0.016666667,,0.06,0.463333334,0.016666667
435,4.17,-7.046666667,5.22,,,0.296666667,0.826666666,0.78,-0.296666667,0.826666666,-0.78,,,,,,-0.296666667,0.826666666,-0.78,,0.296666667,0.826666666,0.78
436,3.983333333,-7.193333333,5.75,,,0.186666667,0.146666666,0.53,-0.186666667,-0.146666666,0.53,,,,,,-0.186666667,-0.146666666,0.53,,0.186666667,0.146666666,0.53
437,4.373333333,-8.03,5.29,,,0.39,0.836666667,0.46,0.39,-0.836666667,-0.46,,,,,,0.39,-0.836666667,-0.46,,0.39,0.836666667,0.46
438,4.773333333,-8.646666667,5.69,,,0.4,0.616666667,0.4,0.4,-0.616666667,0.4,,,,,,0.4,-0.616666667,0.4,,0.4,0.616666667,0.4
439,4.693333333,-8.383333333,5.413333333,,,0.08,0.263333334,0.276666667,-0.08,0.263333334,-0.276666667,,,,,,-0.08,0.263333334,-0.276666667,,0.08,0.263333334,0.276666667
440,4.54,-7.433333333,4.703333333,,,0.153333333,0.95,0.71,-0.153333333,0.95,-0.71,,,,,,-0.153333333,0.95,-0.71,,0.153333333,0.95,0.71
441,4.293333333,-7.343333333,4.953333333,,,0.246666667,0.09,0.25,-0.246666667,0.09,0.25,,,,,,-0.246666667,0.09,0.25,,0.246666667,0.09,0.25
442,4.833333333,-7.986666667,4.553333333,,,0.54,0.643333334,0.4,0.54,-0.643333334,-0.4,,,,,,0.54,-0.643333334,-0.4,,0.54,0.643333334,0.4
443,5.253333333,-8.823333333,5.326666667,,,0.42,0.836666666,0.773333334,0.42,-0.836666666,0.773333334,,,,,,0.42,-0.836666666,0.773333334,,0.42,0.836666666,0.773333334
444,5.223333333,-8.573333333,5.326666667,,,0.03,0.25,0,-0.03,0.25,0,,,,,,-0.03,0.25,0,,0.03,0.25,0
445,4.87,-7.476666667,4.86,,,0.353333333,1.096666666,0.466666667,-0.353333333,1.096666666,-0.466666667,,,,,,-0.353333333,1.096666666,-0.466666667,,0.353333333,1.096666666,0.466666667
446,4.233333333,-6.866666667,5.083333333,,,0.636666667,0.61,0.223333333,-0.636666667,0.61,0.223333333,,,,,,-0.636666667,0.61,0.223333333,,0.636666667,0.61,0.223333333
447,4.306666667,-6.69,4.206666667,,,0.073333334,0.176666667,0.876666666,0.073333334,0.176666667,-0.876666666,,,,,,0.073333334,0.176666667,-0.876666666,,0.073333334,0.176666667,0.876666666
448,4.356666667,-7.636666667,5.08,,,0.05,0.946666667,0.873333333,0.05,-0.946666667,0.873333333,,,,,,0.05,-0.946666667,0.873333333,,0.05,0.946666667,0.873333333
449,4.5,-7.626666667,4.523333333,,,0.143333333,0.01,0.556666667,0.143333333,0.01,-0.556666667,,,,,,0.143333333,0.01,-0.556666667,,0.143333333,0.01,0.556666667
450,4.123333333,-7.69,5.703333333,,,0.376666667,0.063333333,1.18,-0.376666667,-0.063333333,1.18,,,,,,-0.376666667,-0.063333333,1.18,,0.376666667,0.063333333,1.18
451,3.906666667,-7.466666667,5.763333333,,,0.216666666,0.223333333,0.06,-0.216666666,0.223333333,0.06,,,,,,-0.216666666,0.223333333,0.06,,0.216666666,0.223333333,0.06
452,4.076666667,-7.983333333,6.616666667,,,0.17,0.516666666,0.853333334,0.17,-0.516666666,0.853333334,,,,,,0.17,-0.516666666,0.853333334,,0.17,0.516666666,0.853333334
453,4.52,-8.51,6.533333333,,,0.443333333,0.526666667,0.083333334,0.443333333,-0.526666667,-0.083333334,,,,,,0.443333333,-0.526666667,-0.083333334,,0.443333333,0.526666667,0.083333334
454,4.646666667,-7.833333333,5.693333333,,,0.126666667,0.676666667,0.84,0.126666667,0.676666667,-0.84,,,,,,0.126666667,0.676666667,-0.84,,0.126666667,0.676666667,0.84
455,4.246666667,-7.19,5.72,,,0.4,0.643333333,0.026666667,-0.4,0.643333333,0.026666667,,,,,,-0.4,0.643333333,0.026666667,,0.4,0.643333333,0.026666667
456,4.303333333,-7.126666667,5.016666667,,,0.056666666,0.063333333,0.703333333,0.056666666,0.063333333,-0.703333333,,,,,,0.056666666,0.063333333,-0.703333333,,0.056666666,0.063333333,0.703333333
457,4.283333333,-8.036666667,5.863333333,,,0.02,0.91,0.846666666,-0.02,-0.91,0.846666666,,,,,,-0.02,-0.91,0.846666666,,0.02,0.91,0.846666666
458,4.496666667,-8.853333333,5.423333333,,,0.213333334,0.816666666,0.44,0.213333334,-0.816666666,-0.44,,,,,,0.213333334,-0.816666666,-0.44,,0.213333334,0.816666666,0.44
459,4.196666667,-8.66,5.44,,,0.3,0.193333333,0.016666667,-0.3,0.193333333,0.016666667,,,,,,-0.3,0.193333333,0.016666667,,0.3,0.193333333,0.016666667
460,3.9,-8.036666667,5.41,,,0.296666667,0.623333333,0.03,-0.296666667,0.623333333,-0.03,,,,,,-0.296666667,0.623333333,-0.03,,0.296666667,0.623333333,0.03
461,3.896666667,-7.553333333,4.656666667,,,0.003333333,0.483333334,0.753333333,-0.003333333,0.483333334,-0.753333333,,,,,,-0.003333333,0.483333334,-0.753333333,,0.003333333,0.483333334,0.753333333
462,4.076666667,-7.893333333,5.263333333,,,0.18,0.34,0.606666666,0.18,-0.34,0.606666666,,,,,,0.18,-0.34,0.606666666,,0.18,0.34,0.606666666
463,4.466666667,-8.66,4.946666667,,,0.39,0.766666667,0.316666666,0.39,-0.766666667,-0.316666666,,,,,,0.39,-0.766666667,-0.316666666,,0.39,0.766666667,0.316666666
464,4.61,-8.516666667,5.17,,,0.143333333,0.143333333,0.223333333,0.143333333,0.143333333,0.223333333,,,,,,0.143333333,0.143333333,0.223333333,,0.143333333,0.143333333,0.223333333
465,4.42,-7.983333333,5.126666667,,,0.19,0.533333334,0.043333333,-0.19,0.533333334,-0.043333333,,,,,,-0.19,0.533333334,-0.043333333,,0.19,0.533333334,0.043333333
466,4.613333333,-7.34,4.366666667,,,0.193333333,0.643333333,0.76,0.193333333,0.643333333,-0.76,,,,,,0.193333333,0.643333333,-0.76,,0.193333333,0.643333333,0.76
467,4.743333333,-7.863333333,5.023333333,,,0.13,0.523333333,0.656666666,0.13,-0.523333333,0.656666666,,,,,,0.13,-0.523333333,0.656666666,,0.13,0.523333333,0.656666666
468,5.28,-8.523333333,4.62,,,0.536666667,0.66,0.403333333,0.536666667,-0.66,-0.403333333,,,,,,0.536666667,-0.66,-0.403333333,,0.536666667,0.66,0.403333333
469,4.996666667,-8.48,5.043333333,,,0.283333333,0.043333333,0.423333333,-0.283333333,0.043333333,0.423333333,,,,,,-0.283333333,0.043333333,0.423333333,,0.283333333,0.043333333,0.423333333
470,4.373333333,-7.933333333,4.863333333,,,0.623333334,0.546666667,0.18,-0.623333334,0.546666667,-0.18,,,,,,-0.623333334,0.546666667,-0.18,,0.623333334,0.546666667,0.18
471,4.03,-7.48,4.586666667,,,0.343333333,0.453333333,0.276666666,-0.343333333,0.453333333,-0.276666666,,,,,,-0.343333333,0.453333333,-0.276666666,,0.343333333,0.453333333,0.276666666
472,4.206666667,-8.186666667,5.013333333,,,0.176666667,0.706666667,0.426666666,0.176666667,-0.706666667,0.426666666,,,,,,0.176666667,-0.706666667,0.426666666,,0.176666667,0.706666667,0.426666666
473,4.79,-8.44,4.84,,,0.583333333,0.253333333,0.173333333,0.583333333,-0.253333333,-0.173333333,,,,,,0.583333333,-0.253333333,-0.173333333,,0.583333333,0.253333333,0.173333333
474,4.836666667,-7.996666667,4.446666667,,,0.046666667,0.443333333,0.393333333,0.046666667,0.443333333,-0.393333333,,,,,,0.046666667,0.443333333,-0.393333333,,0.046666667,0.443333333,0.393333333
475,4.593333333,-7.386666667,4.596666667,,,0.243333334,0.61,0.15,-0.243333334,0.61,0.15,,,,,,-0.243333334,0.61,0.15,,0.243333334,0.61,0.15
476,4.413333333,-7.873333333,4.613333333,,,0.18,0.486666666,0.016666666,-0.18,-0.486666666,0.016666666,,,,,,-0.18,-0.486666666,0.016666666,,0.18,0.486666666,0.016666666
477,4.476666667,-8.543333333,5.366666667,,,0.063333334,0.67,0.753333334,0.063333334,-0.67,0.753333334,,,,,,0.063333334,-0.67,0.753333334,,0.063333334,0.67,0.753333334
478,4.396666667,-8.583333333,5.4,,,0.08,0.04,0.033333333,-0.08,-0.04,0.033333333,,,,,,-0.08,-0.04,0.033333333,,0.08,0.04,0.033333333
479,4.196666667,-7.57,4.85,,,0.2,1.013333333,0.55,-0.2,1.013333333,-0.55,,,,,,-0.2,1.013333333,-0.55,,0.2,1.013333333,0.55
480,4.003333333,-7.583333333,5,,,0.193333334,0.013333333,0.15,-0.193333334,-0.013333333,0.15,,,,,,-0.193333334,-0.013333333,0.15,,0.193333334,0.013333333,0.15
481,4.213333333,-8.236666667,4.756666667,,,0.21,0.653333334,0.243333333,0.21,-0.653333334,-0.243333333,,,,,,0.21,-0.653333334,-0.243333333,,0.21,0.653333334,0.243333333
482,4.746666667,-8.806666667,5.16,,,0.533333334,0.57,0.403333333,0.533333334,-0.57,0.403333333,,,,,,0.533333334,-0.57,0.403333333,,0.533333334,0.57,0.403333333
483,4.606666667,-8.556666667,5.19,,,0.14,0.25,0.03,-0.14,0.25,0.03,,,,,,-0.14,0.25,0.03,,0.14,0.25,0.03
484,4.523333333,-7.543333333,4.533333333,,,0.083333334,1.013333334,0.656666667,-0.083333334,1.013333334,-0.656666667,,,,,,-0.083333334,1.013333334,-0.656666667,,0.083333334,1.013333334,0.656666667
485,3.946666667,-7.506666667,5.113333333,,,0.576666666,0.036666666,0.58,-0.576666666,0.036666666,0.58,,,,,,-0.576666666,0.036666666,0.58,,0.576666666,0.036666666,0.58
486,4.223333333,-7.93,5.053333333,,,0.276666666,0.423333333,0.06,0.276666666,-0.423333333,-0.06,,,,,,0.276666666,-0.423333333,-0.06,,0.276666666,0.423333333,0.06
487,4.33,-8.65,5.503333333,,,0.106666667,0.72,0.45,0.106666667,-0.72,0.45,,,,,,0.106666667,-0.72,0.45,,0.106666667,0.72,0.45
488,4.373333333,-8.55,5.426666667,,,0.043333333,0.1,0.076666666,0.043333333,0.1,-0.076666666,,,,,,0.043333333,0.1,-0.076666666,,0.043333333,0.1,0.076666666
489,4.373333333,-7.573333333,4.713333333,,,0,0.976666667,0.713333334,0,0.976666667,-0.713333334,,,,,,0,0.976666667,-0.713333334,,0,0.976666667,0.713333334
490,4.346666667,-7.26,5.573333333,,,0.026666666,0.313333333,0.86,-0.026666666,0.313333333,0.86,,,,,,-0.026666666,0.313333333,0.86,,0.026666666,0.313333333,0.86
491,4.74,-7.73,5.186666667,,,0.393333333,0.47,0.386666666,0.393333333,-0.47,-0.386666666,,,,,,0.393333333,-0.47,-0.386666666,,0.393333333,0.47,0.386666666
492,5.07,-8.303333333,5.72,,,0.33,0.573333333,0.533333333,0.33,-0.573333333,0.533333333,,,,,,0.33,-0.573333333,0.533333333,,0.33,0.573333333,0.533333333
493,5.323333333,-7.876666667,5.053333333,,,0.253333333,0.426666666,0.666666667,0.253333333,0.426666666,-0.666666667,,,,,,0.253333333,0.426666666,-0.666666667,,0.253333333,0.426666666,0.666666667
494,5.38,-7.093333333,4.673333333,,,0.056666667,0.783333334,0.38,0.056666667,0.783333334,-0.38,,,,,,0.056666667,0.783333334,-0.38,,0.056666667,0.783333334,0.38
495,4.996666667,-7.256666667,5.243333333,,,0.383333333,0.163333334,0.57,-0.383333333,-0.163333334,0.57,,,,,,-0.383333333,-0.163333334,0.57,,0.383333333,0.163333334,0.57
496,4.85,-8.036666667,5.366666667,,,0.146666667,0.78,0.123333334,-0.146666667,-0.78,0.123333334,,,,,,-0.146666667,-0.78,0.123333334,,0.146666667,0.78,0.123333334
497,4.506666667,-8.123333333,5.426666667,,,0.343333333,0.086666666,0.06,-0.343333333,-0.086666666,0.06,,,,,,-0.343333333,-0.086666666,0.06,,0.343333333,0.086666666,0.06
498,4.38,-7.71,5.086666667,,,0.126666667,0.413333333,0.34,-0.126666667,0.413333333,-0.34,,,,,,-0.126666667,0.413333333,-0.34,,0.126666667,0.413333333,0.34
499,4.223333333,-7.63,4.8,,,0.156666667,0.08,0.286666667,-0.156666667,0.08,-0.286666667,,,,,,-0.156666667,0.08,-0.286666667,,0.156666667,0.08,0.286666667
500,4.45,-8.196666667,5.39,,,0.226666667,0.566666667,0.59,0.226666667,-0.566666667,0.59,,,,,,0.226666667,-0.566666667,0.59,,0.226666667,0.566666667,0.59
501,4.633333333,-8.53,5.293333333,,,0.183333333,0.333333333,0.096666667,0.183333333,-0.333333333,-0.096666667,,,,,,0.183333333,-0.333333333,-0.096666667,,0.183333333,0.333333333,0.096666667
502,4.586666667,-7.743333333,4.95,,,0.046666666,0.786666667,0.343333333,-0.046666666,0.786666667,-0.343333333,,,,,,-0.046666666,0.786666667,-0.343333333,,0.046666666,0.786666667,0.343333333
503,4.276666667,-7.453333333,4.843333333,,,0.31,0.29,0.106666667,-0.31,0.29,-0.106666667,,,,,,-0.31,0.29,-0.106666667,,0.31,0.29,0.106666667
504,4.393333333,-7.626666667,4.8,,,0.116666666,0.173333334,0.043333333,0.116666666,-0.173333334,-0.043333333,,,,,,0.116666666,-0.173333334,-0.043333333,,0.116666666,0.173333334,0.043333333
505,4.573333333,-8.143333333,5.283333333,,,0.18,0.516666666,0.483333333,0.18,-0.516666666,0.483333333,,,,,,0.18,-0.516666666,0.483333333,,0.18,0.516666666,0.483333333
506,4.703333333,-7.893333333,5.3,,,0.13,0.25,0.016666667,0.13,0.25,0.016666667,,,,,,0.13,0.25,0.016666667,,0.13,0.25,0.016666667
507,4.573333333,-7.39,4.716666667,,,0.13,0.503333333,0.583333333,-0.13,0.503333333,-0.583333333,,,,,,-0.13,0.503333333,-0.583333333,,0.13,0.503333333,0.583333333
508,4.51,-7.593333333,4.986666667,,,0.063333333,0.203333333,0.27,-0.063333333,-0.203333333,0.27,,,,,,-0.063333333,-0.203333333,0.27,,0.063333333,0.203333333,0.27
509,4.673333333,-8.246666667,4.833333333,,,0.163333333,0.653333334,0.153333334,0.163333333,-0.653333334,-0.153333334,,,,,,0.163333333,-0.653333334,-0.153333334,,0.163333333,0.653333334,0.153333334
510,4.683333333,-8.106666667,5.146666667,,,0.01,0.14,0.313333334,0.01,0.14,0.313333334,,,,,,0.01,0.14,0.313333334,,0.01,0.14,0.313333334
511,4.55,-7.74,5.026666667,,,0.133333333,0.366666667,0.12,-0.133333333,0.366666667,-0.12,,,,,,-0.133333333,0.366666667,-0.12,,0.133333333,0.366666667,0.12
512,4.43,-7.45,4.726666667,,,0.12,0.29,0.3,-0.12,0.29,-0.3,,,,,,-0.12,0.29,-0.3,,0.12,0.29,0.3
513,4.466666667,-8.193333333,5.18,,,0.036666667,0.743333333,0.453333333,0.036666667,-0.743333333,0.453333333,,,,,,0.036666667,-0.743333333,0.453333333,,0.036666667,0.743333333,0.453333333
514,4.526666667,-8.536666667,5.193333333,,,0.06,0.343333334,0.013333333,0.06,-0.343333334,0.013333333,,,,,,0.06,-0.343333334,0.013333333,,0.06,0.343333334,0.013333333
515,4.603333333,-7.943333333,4.933333333,,,0.076666666,0.593333334,0.26,0.076666666,0.593333334,-0.26,,,,,,0.076666666,0.593333334,-0.26,,0.076666666,0.593333334,0.26
516,4.243333333,-7.246666667,5.026666667,,,0.36,0.696666666,0.093333334,-0.36,0.696666666,0.093333334,,,,,,-0.36,0.696666666,0.093333334,,0.36,0.696666666,0.093333334
517,4.293333333,-7.363333333,4.89,,,0.05,0.116666666,0.136666667,0.05,-0.116666666,-0.136666667,,,,,,0.05,-0.116666666,-0.136666667,,0.05,0.116666666,0.136666667
518,4.6,-8.05,6.07,,,0.306666667,0.686666667,1.18,0.306666667,-0.686666667,1.18,,,,,,0.306666667,-0.686666667,1.18,,0.306666667,0.686666667,1.18
519,4.783333333,-8.496666667,6.393333333,,,0.183333333,0.446666667,0.323333333,0.183333333,-0.446666667,0.323333333,,,,,,0.183333333,-0.446666667,0.323333333,,0.183333333,0.446666667,0.323333333
520,4.483333333,-7.61,6.196666667,,,0.3,0.886666667,0.196666666,-0.3,0.886666667,-0.196666666,,,,,,-0.3,0.886666667,-0.196666666,,0.3,0.886666667,0.196666666
521,3.706666667,-7.063333333,6.16,,,0.776666666,0.546666667,0.036666667,-0.776666666,0.546666667,-0.036666667,,,,,,-0.776666666,0.546666667,-0.036666667,,0.776666666,0.546666667,0.036666667
522,3.313333333,-6.483333333,6.18,,,0.393333334,0.58,0.02,-0.393333334,0.58,0.02,,,,,,-0.393333334,0.58,0.02,,0.393333334,0.58,0.02
523,3.223333333,-6.496666667,6.333333333,,,0.09,0.013333334,0.153333333,-0.09,-0.013333334,0.153333333,,,,,,-0.09,-0.013333334,0.153333333,,0.09,0.013333334,0.153333333
524,3.45,-6.37,6.323333333,,,0.226666667,0.126666667,0.01,0.226666667,0.126666667,-0.01,,,,,,0.226666667,0.126666667,-0.01,,0.226666667,0.126666667,0.01
525,3.656666667,-6.796666667,5.883333333,,,0.206666667,0.426666667,0.44,0.206666667,-0.426666667,-0.44,,,,,,0.206666667,-0.426666667,-0.44,,0.206666667,0.426666667,0.44
526,3.603333333,-7.083333333,5.826666667,,,0.053333334,0.286666666,0.056666666,-0.053333334,-0.286666666,-0.056666666,,,,,,-0.053333334,-0.286666666,-0.056666666,,0.053333334,0.286666666,0.056666666
527,3.213333333,-7.23,5.98,,,0.39,0.146666667,0.153333333,-0.39,-0.146666667,0.153333333,,,,,,-0.39,-0.146666667,0.153333333,,0.39,0.146666667,0.153333333
528,3.086666667,-7.156666667,6.406666667,,,0.126666666,0.073333333,0.426666667,-0.126666666,0.073333333,0.426666667,,,,,,-0.126666666,0.073333333,0.426666667,,0.126666666,0.073333333,0.426666667
529,3.216666667,-7.16,7.08,,,0.13,0.003333333,0.673333333,0.13,-0.003333333,0.673333333,,,,,,0.13,-0.003333333,0.673333333,,0.13,0.003333333,0.673333333
530,3.28,-7.136666667,6.996666667,,,0.063333333,0.023333333,0.083333333,0.063333333,0.023333333,-0.083333333,,,,,,0.063333333,0.023333333,-0.083333333,,0.063333333,0.023333333,0.083333333
531,2.366666667,-7.023333333,7.986666667,,,0.913333333,0.113333334,0.99,-0.913333333,0.113333334,0.99,,,,,,-0.913333333,0.113333334,0.99,,0.913333333,0.113333334,0.99
532,2.616666667,-6.606666667,7.476666667,,,0.25,0.416666666,0.51,0.25,0.416666666,-0.51,,,,,,0.25,0.416666666,-0.51,,0.25,0.416666666,0.51
533,1.99,-6.463333333,8.086666667,,,0.626666667,0.143333334,0.61,-0.626666667,0.143333334,0.61,,,,,,-0.626666667,0.143333334,0.61,,0.626666667,0.143333334,0.61
534,2.79,-6.61,7.03,,,0.8,0.146666667,1.056666667,0.8,-0.146666667,-1.056666667,,,,,,0.8,-0.146666667,-1.056666667,,0.8,0.146666667,1.056666667
535,2.433333333,-7.14,7.85,,,0.356666667,0.53,0.82,-0.356666667,-0.53,0.82,,,,,,-0.356666667,-0.53,0.82,,0.356666667,0.53,0.82
536,3.21,-7.5,7.13,,,0.776666667,0.36,0.72,0.776666667,-0.36,-0.72,,,,,,0.776666667,-0.36,-0.72,,0.776666667,0.36,0.72
537,3.266666667,-6.83,6.566666667,,,0.056666667,0.67,0.563333333,0.056666667,0.67,-0.563333333,,,,,,0.056666667,0.67,-0.563333333,,0.056666667,0.67,0.563333333
538,3.283333333,-6.736666667,6.66,,,0.016666666,0.093333333,0.093333333,0.016666666,0.093333333,0.093333333,,,,,,0.016666666,0.093333333,0.093333333,,0.016666666,0.093333333,0.093333333
539,3.123333333,-6.98,7.166666667,,,0.16,0.243333333,0.506666667,-0.16,-0.243333333,0.506666667,,,,,,-0.16,-0.243333333,0.506666667,,0.16,0.243333333,0.506666667
540,3.196666667,-7,7.883333333,,,0.073333334,0.02,0.716666666,0.073333334,-0.02,0.716666666,,,,,,0.073333334,-0.02,0.716666666,,0.073333334,0.02,0.716666666
541,3.016666667,-6.76,7.623333333,,,0.18,0.24,0.26,-0.18,0.24,-0.26,,,,,,-0.18,0.24,-0.26,,0.18,0.24,0.26
542,3.59,-6.37,6.553333333,,,0.573333333,0.39,1.07,0.573333333,0.39,-1.07,,,,,,0.573333333,0.39,-1.07,,0.573333333,0.39,1.07
543,3.9,-6.96,6.416666667,,,0.31,0.59,0.136666666,0.31,-0.59,-0.136666666,,,,,,0.31,-0.59,-0.136666666,,0.31,0.59,0.136666666
544,3.883333333,-7.05,6.326666667,,,0.016666667,0.09,0.09,-0.016666667,-0.09,-0.09,,,,,,-0.016666667,-0.09,-0.09,,0.016666667,0.09,0.09
545,3.306666667,-6.816666667,6.34,,,0.576666666,,0.013333333,-0.576666666,0.233333333,0.013333333,,,,,,-0.576666666,0.233333333,0.013333333,,0.576666666,0.233333333,0.013333333
546,2.906666667,-6.956666667,6.46,,,0.4,0.14,0.12,-0.4,-0.14,0.12,,,,,,-0.4,-0.14,0.12,,0.4,0.14,0.12
547,2.966666667,-7.256666667,6.603333333,,,0.06,0.3,0.143333333,0.06,-0.3,0.143333333,,,,,,0.06,-0.3,0.143333333,,0.06,0.3,0.143333333
548,3.273333333,-7.403333333,6.576666667,,,0.306666666,0.146666666,0.026666666,0.306666666,-0.146666666,-0.026666666,,,,,,0.306666666,-0.146666666,-0.026666666,,0.306666666,0.146666666,0.026666666
549,3.296666667,-7.15,6.596666667,,,0.023333334,0.253333333,0.02,0.023333334,0.253333333,0.02,,,,,,0.023333334,0.253333333,0.02,,0.023333334,0.253333333,0.02
550,3.443333333,-6.793333333,6.466666667,,,0.146666666,0.356666667,0.13,0.146666666,0.356666667,-0.13,,,,,,0.146666666,0.356666667,-0.13,,0.146666666,0.356666667,0.13
551,3.57,-6.856666667,7.303333333,,,0.126666667,0.063333334,0.836666666,0.126666667,-0.063333334,0.836666666,,,,,,0.126666667,-0.063333334,0.836666666,,0.126666667,0.063333334,0.836666666
552,3.976666667,-6.7,7.053333333,,,0.406666667,0.156666667,0.25,0.406666667,0.156666667,-0.25,,,,,,0.406666667,0.156666667,-0.25,,0.406666667,0.156666667,0.25
553,3.98,-6.903333333,6.88,,,0.003333333,0.203333333,0.173333333,0.003333333,-0.203333333,-0.173333333,,,,,,0.003333333,-0.203333333,-0.173333333,,0.003333333,0.203333333,0.173333333
554,3.806666667,-6.64,6.7,,,0.173333333,0.263333333,0.18,-0.173333333,0.263333333,-0.18,,,,,,-0.173333333,0.263333333,-0.18,,0.173333333,0.263333333,0.18
555,3.816666667,-6.656666667,6.14,,,0.01,0.016666667,0.56,0.01,-0.016666667,-0.56,,,,,,0.01,-0.016666667,-0.56,,0.01,0.016666667,0.56
556,3.953333333,-6.87,6.29,,,0.136666666,0.213333333,0.15,0.136666666,-0.213333333,0.15,,,,,,0.136666666,-0.213333333,0.15,,0.136666666,0.213333333,0.15
557,4.126666667,-7.386666667,5.936666667,,,0.173333334,0.516666667,0.353333333,0.173333334,-0.516666667,-0.353333333,,,,,,0.173333334,-0.516666667,-0.353333333,,0.173333334,0.516666667,0.353333333
558,4.09,-7.283333333,5.726666667,,,0.036666667,0.103333334,0.21,-0.036666667,0.103333334,-0.21,,,,,,-0.036666667,0.103333334,-0.21,,0.036666667,0.103333334,0.21
559,4.143333333,-7.013333333,5.656666667,,,0.053333333,0.27,0.07,0.053333333,0.27,-0.07,,,,,,0.053333333,0.27,-0.07,,0.053333333,0.27,0.07
560,4.126666667,-7.233333333,5.213333333,,,0.016666666,0.22,0.443333334,-0.016666666,-0.22,-0.443333334,,,,,,-0.016666666,-0.22,-0.443333334,,0.016666666,0.22,0.443333334
561,4.09,-7.89,5.72,,,0.036666667,0.656666667,0.506666667,-0.036666667,-0.656666667,0.506666667,,,,,,-0.036666667,-0.656666667,0.506666667,,0.036666667,0.656666667,0.506666667
562,4.04,-8.163333333,5.29,,,0.05,0.273333333,0.43,-0.05,-0.273333333,-0.43,,,,,,-0.05,-0.273333333,-0.43,,0.05,0.273333333,0.43
563,4.006666667,-7.413333333,4.976666667,,,0.033333333,0.75,0.313333333,-0.033333333,0.75,-0.313333333,,,,,,-0.033333333,0.75,-0.313333333,,0.033333333,0.75,0.313333333
564,3.85,-7.01,5.316666667,,,0.156666667,0.403333333,0.34,-0.156666667,0.403333333,0.34,,,,,,-0.156666667,0.403333333,0.34,,0.156666667,0.403333333,0.34
565,4.066666667,-7.096666667,5.26,,,0.216666667,0.086666667,0.056666667,0.216666667,-0.086666667,-0.056666667,,,,,,0.216666667,-0.086666667,-0.056666667,,0.216666667,0.086666667,0.056666667
566,4.43,-7.273333333,6.346666667,,,0.363333333,0.176666666,1.086666667,0.363333333,-0.176666666,1.086666667,,,,,,0.363333333,-0.176666666,1.086666667,,0.363333333,0.176666666,1.086666667
567,4.503333333,-6.993333333,6.356666667,,,0.073333333,0.28,0.01,0.073333333,0.28,0.01,,,,,,0.073333333,0.28,0.01,,0.073333333,0.28,0.01
568,4.47,-6.336666667,6.256666667,,,0.033333333,0.656666666,0.1,-0.033333333,0.656666666,-0.1,,,,,,-0.033333333,0.656666666,-0.1,,0.033333333,0.656666666,0.1
569,3.93,-6.726666667,6.456666667,,,0.54,0.39,0.2,-0.54,-0.39,0.2,,,,,,-0.54,-0.39,0.2,,0.54,0.39,0.2
570,3.953333333,-7.463333333,6.173333333,,,0.023333333,0.736666666,0.283333334,0.023333333,-0.736666666,-0.283333334,,,,,,0.023333333,-0.736666666,-0.283333334,,0.023333333,0.736666666,0.283333334
571,3.886666667,-8.06,6.47,,,0.066666666,0.596666667,0.296666667,-0.066666666,-0.596666667,0.296666667,,,,,,-0.066666666,-0.596666667,0.296666667,,0.066666666,0.596666667,0.296666667
572,3.84,-7.893333333,6.113333333,,,0.046666667,0.166666667,0.356666667,-0.046666667,0.166666667,-0.356666667,,,,,,-0.046666667,0.166666667,-0.356666667,,0.046666667,0.166666667,0.356666667
573,3.633333333,-7.163333333,5.543333333,,,0.206666667,0.73,0.57,-0.206666667,0.73,-0.57,,,,,,-0.206666667,0.73,-0.57,,0.206666667,0.73,0.57
574,3.526666667,-7.176666667,5.936666667,,,0.106666666,0.013333334,0.393333334,-0.106666666,-0.013333334,0.393333334,,,,,,-0.106666666,-0.013333334,0.393333334,,0.106666666,0.013333334,0.393333334
575,3.906666667,-7.603333333,5.726666667,,,0.38,0.426666666,0.21,0.38,-0.426666666,-0.21,,,,,,0.38,-0.426666666,-0.21,,0.38,0.426666666,0.21
576,4.556666667,-8.006666667,6.02,,,0.65,0.403333334,0.293333333,0.65,-0.403333334,0.293333333,,,,,,0.65,-0.403333334,0.293333333,,0.65,0.403333334,0.293333333
577,4.763333333,-7.703333333,5.626666667,,,0.206666666,0.303333334,0.393333333,0.206666666,0.303333334,-0.393333333,,,,,,0.206666666,0.303333334,-0.393333333,,0.206666666,0.303333334,0.393333333
578,4.713333333,-7.193333333,5.236666667,,,0.05,0.51,0.39,-0.05,0.51,-0.39,,,,,,-0.05,0.51,-0.39,,0.05,0.51,0.39
579,4.403333333,-7.45,5.686666667,,,0.31,0.256666667,0.45,-0.31,-0.256666667,0.45,,,,,,-0.31,-0.256666667,0.45,,0.31,0.256666667,0.45
580,4.33,-7.88,5.76,,,0.073333333,0.43,0.073333333,-0.073333333,-0.43,0.073333333,,,,,,-0.073333333,-0.43,0.073333333,,0.073333333,0.43,0.073333333
581,4.396666667,-7.646666667,5.57,,,0.066666667,0.233333333,0.19,0.066666667,0.233333333,-0.19,,,,,,0.066666667,0.233333333,-0.19,,0.066666667,0.233333333,0.19
582,4.143333333,-7.256666667,5.56,,,0.253333334,0.39,0.01,-0.253333334,0.39,-0.01,,,,,,-0.253333334,0.39,-0.01,,0.253333334,0.39,0.01
583,4.016666667,-6.983333333,4.856666667,,,0.126666666,0.273333334,0.703333333,-0.126666666,0.273333334,-0.703333333,,,,,,-0.126666666,0.273333334,-0.703333333,,0.126666666,0.273333334,0.703333333
584,3.663333333,-7.61,5.576666667,,,0.353333334,0.626666667,0.72,-0.353333334,-0.626666667,0.72,,,,,,-0.353333334,-0.626666667,0.72,,0.353333334,0.626666667,0.72
585,3.856666667,-8.3,5.436666667,,,0.193333334,0.69,0.14,0.193333334,-0.69,-0.14,,,,,,0.193333334,-0.69,-0.14,,0.193333334,0.69,0.14
586,3.973333333,-8.486666667,5.97,,,0.116666666,0.186666667,0.533333333,0.116666666,-0.186666667,0.533333333,,,,,,0.116666666,-0.186666667,0.533333333,,0.116666666,0.186666667,0.533333333
587,3.8,-8.33,6.133333333,,,0.173333333,0.156666667,0.163333333,-0.173333333,0.156666667,0.163333333,,,,,,-0.173333333,0.156666667,0.163333333,,0.173333333,0.156666667,0.163333333
588,3.68,-7.24,5.386666667,,,0.12,1.09,0.746666666,-0.12,1.09,-0.746666666,,,,,,-0.12,1.09,-0.746666666,,0.12,1.09,0.746666666
589,3.443333333,-7.186666667,5.67,,,0.236666667,0.053333333,0.283333333,-0.236666667,0.053333333,0.283333333,,,,,,-0.236666667,0.053333333,0.283333333,,0.236666667,0.053333333,0.283333333
590,3.766666667,-7.653333333,5.423333333,,,0.323333334,0.466666666,0.246666667,0.323333334,-0.466666666,-0.246666667,,,,,,0.323333334,-0.466666666,-0.246666667,,0.323333334,0.466666666,0.246666667
591,4.023333333,-8.566666667,6.216666667,,,0.256666666,0.913333334,0.793333334,0.256666666,-0.913333334,0.793333334,,,,,,0.256666666,-0.913333334,0.793333334,,0.256666666,0.913333334,0.793333334
592,4.103333333,-8.573333333,6.413333333,,,0.08,0.006666666,0.196666666,0.08,-0.006666666,0.196666666,,,,,,0.08,-0.006666666,0.196666666,,0.08,0.006666666,0.196666666
593,4.196666667,-7.49,5.8,,,0.093333334,1.083333333,0.613333333,0.093333334,1.083333333,-0.613333333,,,,,,0.093333334,1.083333333,-0.613333333,,0.093333334,1.083333333,0.613333333
594,3.643333333,-7.146666667,6.023333333,,,0.553333334,0.343333333,0.223333333,-0.553333334,0.343333333,0.223333333,,,,,,-0.553333334,0.343333333,0.223333333,,0.553333334,0.343333333,0.223333333
595,3.79,-7.29,5.306666667,,,0.146666667,0.143333333,0.716666666,0.146666667,-0.143333333,-0.716666666,,,,,,0.146666667,-0.143333333,-0.716666666,,0.146666667,0.143333333,0.716666666
596,3.84,-8.16,6.05,,,0.05,0.87,0.743333333,0.05,-0.87,0.743333333,,,,,,0.05,-0.87,0.743333333,,0.05,0.87,0.743333333
597,4.14,-8.64,5.696666667,,,0.3,0.48,0.353333333,0.3,-0.48,-0.353333333,,,,,,0.3,-0.48,-0.353333333,,0.3,0.48,0.353333333
598,4.19,-8.093333333,5.64,,,0.05,0.546666667,0.056666667,0.05,0.546666667,-0.056666667,,,,,,0.05,0.546666667,-0.056666667,,0.05,0.546666667,0.056666667
599,3.606666667,-7.753333333,5.763333333,,,0.583333333,0.34,0.123333333,-0.583333333,0.34,0.123333333,,,,,,-0.583333333,0.34,0.123333333,,0.583333333,0.34,0.123333333
600,3.543333333,-7.243333333,5.163333333,,,0.063333334,0.51,0.6,-0.063333334,0.51,-0.6,,,,,,-0.063333334,0.51,-0.6,,0.063333334,0.51,0.6
